,Player,Season,Team,S/C,Pos,GP,G,A,P,+/-,PIM,P/GP,EVG,EVP,PPG,PPP,SHG,SHP,OTG,GWG,S,S%,TOI/GP,FOW%
1,Nathan MacKinnon,2024-25,COL,R,C,61,23,68,91,+19,31,1.49,16,62,7,29,0,0,1,4,247,9.3,22:55,49.7
2,Leon Draisaitl,2024-25,EDM,L,C,59,44,44,88,+27,26,1.49,31,63,13,25,0,0,4,9,198,22.2,21:37,54.4
3,Nikita Kucherov,2024-25,TBL,L,R,56,27,60,87,+14,39,1.55,22,52,5,35,0,0,1,8,189,14.3,21:38,0.0
4,Connor McDavid,2024-25,EDM,L,C,53,22,52,74,+3,29,1.40,14,49,8,25,0,0,0,3,161,13.7,22:06,47.9
5,Mitch Marner,2024-25,TOR,R,R,58,18,56,74,+11,12,1.28,11,47,6,25,1,2,2,6,133,13.5,21:34,27.8
6,David Pastrnak,2024-25,BOS,R,R,60,31,42,73,0,30,1.22,25,56,6,17,0,0,3,4,248,12.5,20:13,42.9
7,Kyle Connor,2024-25,WPG,L,L,60,31,42,73,+12,23,1.22,20,48,9,23,2,2,1,6,200,15.5,20:18,12.5
8,Jack Eichel,2024-25,VGK,R,C,58,19,51,70,+27,6,1.21,15,44,3,24,1,2,0,1,179,10.6,21:03,46.5
9,Mikko Rantanen,2024-25,"COL, CAR",L,R,58,27,42,69,+11,34,1.19,18,49,9,20,0,0,0,6,163,16.6,22:06,53.0
10,Clayton Keller,2024-25,UTA,L,R,59,22,47,69,-5,16,1.17,16,41,6,28,0,0,1,4,163,13.5,19:12,31.0
11,Jack Hughes,2024-25,NJD,L,C,60,27,42,69,+11,14,1.15,20,40,6,27,1,2,2,7,222,12.2,20:53,37.6
12,Brandon Hagel,2024-25,TBL,L,L,59,30,38,68,+29,42,1.15,27,54,0,7,3,7,0,4,172,17.4,21:14,31.8
13,Jesper Bratt,2024-25,NJD,L,L,60,17,51,68,+10,14,1.13,12,40,4,26,1,2,0,1,135,12.6,18:46,0.0
14,Martin Necas,2024-25,"CAR, COL",R,C,61,20,48,68,+5,12,1.11,12,41,8,27,0,0,0,7,148,13.5,18:57,37.8
15,Cale Makar,2024-25,COL,R,D,61,22,45,67,+17,12,1.10,11,37,9,28,2,2,0,3,190,11.6,25:49,--
16,Mark Scheifele,2024-25,WPG,R,C,60,33,33,66,+9,41,1.10,24,46,9,20,0,0,2,9,130,25.4,20:24,48.0
17,Sam Reinhart,2024-25,FLA,R,C,61,31,33,64,+11,27,1.05,17,37,9,21,5,6,0,3,162,19.1,20:28,40.6
18,Lucas Raymond,2024-25,DET,R,L,59,22,41,63,-7,16,1.07,15,33,6,29,1,1,1,3,136,16.2,18:56,0.0
19,Travis Konecny,2024-25,PHI,R,R,60,22,41,63,-6,45,1.05,13,44,8,16,1,3,0,3,139,15.8,20:38,34.7
20,Zach Werenski,2024-25,CBJ,L,D,58,18,44,62,+14,29,1.07,13,40,5,20,0,2,2,4,210,8.6,26:50,--
21,Brayden Point,2024-25,TBL,R,C,54,31,30,61,+8,2,1.13,18,36,13,25,0,0,2,6,139,22.3,19:34,50.5
22,Sidney Crosby,2024-25,PIT,L,C,59,18,43,61,-22,21,1.03,12,44,6,17,0,0,3,5,168,10.7,20:23,55.8
23,Quinn Hughes,2024-25,VAN,L,D,49,14,46,60,+13,27,1.22,11,38,3,22,0,0,0,3,142,9.9,25:11,--
24,Kirill Marchenko,2024-25,CBJ,R,R,56,24,36,60,+34,12,1.07,22,44,2,16,0,0,1,2,152,15.8,18:33,31.4
25,Matt Duchene,2024-25,DAL,L,C,59,24,36,60,+10,8,1.02,17,39,7,21,0,0,1,6,110,21.8,17:03,54.0
26,Nick Suzuki,2024-25,MTL,R,C,59,18,42,60,+7,6,1.02,15,41,3,19,0,0,4,5,119,15.1,19:29,50.4
27,Artemi Panarin,2024-25,NYR,R,L,57,23,36,59,-11,16,1.04,15,39,8,20,0,0,0,1,170,13.5,19:44,0.0
28,Tim Stützle,2024-25,OTT,L,C,58,18,41,59,-1,28,1.02,15,36,3,23,0,0,0,0,115,15.7,19:54,43.7
29,William Nylander,2024-25,TOR,R,R,59,34,25,59,+4,16,1.00,26,38,8,21,0,0,1,7,192,17.7,19:51,47.8
30,Jason Robertson,2024-25,DAL,L,L,59,25,34,59,+5,10,1.00,17,43,8,16,0,0,0,4,168,14.9,17:31,35.3
31,Dylan Strome,2024-25,WSH,L,C,60,18,41,59,+11,22,0.98,12,34,6,25,0,0,0,2,110,16.4,17:34,55.0
32,Matthew Tkachuk,2024-25,FLA,L,L,52,22,35,57,-3,54,1.10,11,34,11,23,0,0,0,2,156,14.1,18:14,20.0
33,Sebastian Aho,2024-25,CAR,L,C,58,21,36,57,0,40,0.98,17,36,2,17,2,4,4,6,154,13.6,20:10,55.3
34,Jake Guentzel,2024-25,TBL,L,C,58,27,29,56,+11,18,0.97,14,36,13,20,0,0,0,2,151,17.9,19:58,47.0
35,Aleksander Barkov,2024-25,FLA,L,C,51,14,40,54,+1,12,1.06,7,29,6,21,1,4,1,2,111,12.6,20:24,59.0
36,Filip Forsberg,2024-25,NSH,R,L,59,22,32,54,-16,36,0.92,15,36,7,18,0,0,0,2,211,10.4,18:48,10.0
37,Gabriel Vilardi,2024-25,WPG,R,C,60,26,28,54,+8,12,0.90,15,32,11,22,0,0,0,5,115,22.6,18:04,50.4
38,Dylan Larkin,2024-25,DET,L,C,59,24,29,53,-6,38,0.90,11,31,13,22,0,0,0,2,185,13.0,19:58,55.6
39,Cole Caufield,2024-25,MTL,R,R,59,28,25,53,-1,14,0.90,20,40,8,13,0,0,1,5,175,16.0,17:51,37.5
40,Kirill Kaprizov,2024-25,MIN,L,L,37,23,29,52,+19,14,1.41,20,40,3,12,0,0,1,4,128,18.0,22:25,0.0
41,Wyatt Johnston,2024-25,DAL,R,C,59,18,34,52,+7,12,0.88,11,33,4,16,3,3,1,2,159,11.3,19:08,49.0
42,Matt Boldy,2024-25,MIN,L,L,60,21,31,52,+6,39,0.87,15,37,6,15,0,0,1,8,206,10.2,19:57,44.6
43,Nikolaj Ehlers,2024-25,WPG,L,L,51,18,33,51,+16,8,1.00,14,33,4,18,0,0,1,3,127,14.2,15:51,35.7
44,Tage Thompson,2024-25,BUF,R,C,51,28,23,51,+4,15,1.00,24,39,4,12,0,0,0,2,160,17.5,18:37,41.8
45,Alex DeBrincat,2024-25,DET,R,R,59,27,24,51,-12,14,0.86,17,28,10,23,0,0,1,4,163,16.6,17:37,48.9
46,Mikael Granlund,2024-25,"SJS, DAL",L,C,60,15,36,51,-6,24,0.85,9,35,5,15,1,1,0,1,137,11.0,20:25,48.5
47,Marco Rossi,2024-25,MIN,L,C,60,21,30,51,+16,24,0.85,15,39,6,12,0,0,1,2,102,20.6,18:17,47.6
48,Mark Stone,2024-25,VGK,R,R,45,15,35,50,+17,8,1.11,11,28,4,21,0,1,0,2,92,16.3,19:45,40.0
49,Aliaksei Protas,2024-25,WSH,L,C,60,23,27,50,+30,16,0.83,22,47,0,1,1,2,1,5,112,20.5,16:30,27.3
50,Auston Matthews,2024-25,TOR,L,C,44,21,28,49,+4,20,1.11,15,34,5,14,1,1,1,1,173,12.1,20:30,56.1
51,John Tavares,2024-25,TOR,L,C,52,22,27,49,+8,30,0.94,14,38,8,11,0,0,1,7,140,15.7,18:24,57.0
52,Adrian Kempe,2024-25,LAK,L,R,57,26,23,49,+15,26,0.86,21,39,4,9,1,1,1,3,170,15.3,19:33,41.2
53,Connor Bedard,2024-25,CHI,R,C,59,16,33,49,-28,34,0.83,9,26,7,23,0,0,0,4,137,11.7,20:15,35.5
54,Rickard Rakell,2024-25,PIT,R,R,60,25,24,49,-21,10,0.82,20,37,5,12,0,0,1,1,155,16.1,19:16,52.2
55,Pierre-Luc Dubois,2024-25,WSH,L,L,60,14,35,49,+20,42,0.82,12,40,2,9,0,0,1,3,99,14.1,17:16,49.7
56,Alex Ovechkin,2024-25,WSH,R,L,44,31,17,48,+18,12,1.09,23,34,8,14,0,0,1,6,166,18.7,17:51,0.0
57,Robert Thomas,2024-25,STL,R,C,48,16,32,48,+9,18,1.00,14,38,1,9,1,1,0,3,112,14.3,19:57,57.0
58,Shea Theodore,2024-25,VGK,L,D,55,7,41,48,+10,20,0.87,5,29,2,19,0,0,0,2,111,6.3,22:03,--
59,Adam Fox,2024-25,NYR,R,D,58,5,43,48,+5,28,0.83,3,30,1,16,1,2,0,2,100,5.0,23:14,--
60,Logan Cooley,2024-25,UTA,L,C,53,17,30,47,+8,28,0.89,10,31,7,16,0,0,0,1,114,14.9,17:41,44.6
61,Victor Hedman,2024-25,TBL,L,D,57,9,38,47,+11,24,0.82,7,27,2,20,0,0,0,1,135,6.7,23:25,--
62,Josh Morrissey,2024-25,WPG,L,D,59,8,39,47,+10,22,0.80,7,29,1,18,0,0,1,1,123,6.5,24:02,--
63,Brad Marchand,2024-25,BOS,L,L,60,21,26,47,-8,62,0.78,16,33,5,13,0,1,2,5,175,12.0,18:43,41.7
64,Nick Schmaltz,2024-25,UTA,R,C,60,12,35,47,-9,8,0.78,7,28,5,19,0,0,0,1,129,9.3,18:52,47.5
65,Jordan Kyrou,2024-25,STL,R,C,60,24,23,47,+11,12,0.78,18,35,6,12,0,0,0,4,166,14.5,17:49,30.8
66,Rasmus Dahlin,2024-25,BUF,L,D,49,9,37,46,+7,32,0.94,5,30,4,15,0,1,1,1,124,7.3,24:20,--
67,Seth Jarvis,2024-25,CAR,R,C,52,23,23,46,+2,12,0.88,14,28,6,13,3,5,0,1,135,17.0,19:20,35.0
68,Nico Hischier,2024-25,NJD,L,C,54,24,22,46,+13,16,0.85,15,26,9,19,0,1,0,2,145,16.6,20:17,55.1
69,Anze Kopitar,2024-25,LAK,L,C,57,13,33,46,+7,2,0.81,10,31,3,14,0,1,0,5,72,18.1,19:17,56.7
70,Drake Batherson,2024-25,OTT,R,R,58,16,30,46,-13,14,0.79,7,22,9,24,0,0,0,2,128,12.5,18:28,47.4
71,Tomas Hertl,2024-25,VGK,L,C,59,23,23,46,-12,18,0.78,12,27,11,19,0,0,0,3,146,15.8,17:11,56.8
72,J.T. Miller,2024-25,"VAN, NYR",L,C,49,14,31,45,-4,37,0.92,11,27,3,18,0,0,1,2,98,14.3,17:56,58.8
73,Troy Terry,2024-25,ANA,R,R,53,17,28,45,+5,16,0.85,13,35,4,10,0,0,1,3,125,13.6,19:00,28.0
74,Alex Tuch,2024-25,BUF,R,R,57,21,24,45,+14,31,0.79,17,35,1,6,3,4,0,2,137,15.3,19:19,41.8
75,Anthony Cirelli,2024-25,TBL,L,C,57,20,25,45,+22,20,0.79,13,34,3,5,4,6,0,1,117,17.1,18:55,50.0
76,Jonathan Marchessault,2024-25,NSH,R,R,59,18,27,45,-20,31,0.76,14,28,4,17,0,0,1,3,173,10.4,18:18,25.5
77,Tom Wilson,2024-25,WSH,R,R,59,26,19,45,+14,54,0.76,15,28,10,15,1,2,1,3,133,19.6,18:45,25.0
78,Evan Bouchard,2024-25,EDM,R,D,59,9,36,45,+15,22,0.76,9,28,0,17,0,0,0,1,174,5.2,23:36,--
79,Connor McMichael,2024-25,WSH,L,C,60,21,24,45,+19,28,0.75,17,34,4,10,0,1,0,4,132,15.9,17:12,45.5
80,Dylan Guenther,2024-25,UTA,R,R,48,22,22,44,+4,20,0.92,12,23,10,21,0,0,3,7,131,16.8,16:43,41.2
81,Jason Zucker,2024-25,BUF,L,L,54,18,26,44,+4,53,0.81,9,28,9,16,0,0,0,3,99,18.2,16:02,41.3
82,JJ Peterka,2024-25,BUF,L,R,55,17,27,44,-1,10,0.80,14,34,3,10,0,0,0,3,122,13.9,18:00,33.3
83,Brady Tkachuk,2024-25,OTT,L,L,56,21,23,44,-2,101,0.79,10,26,11,18,0,0,3,4,234,9.0,18:37,50.2
84,Matvei Michkov,2024-25,PHI,L,R,58,19,25,44,-9,38,0.76,12,29,7,15,0,0,3,3,131,14.5,16:00,46.2
85,Lane Hutson,2024-25,MTL,L,D,59,4,40,44,-16,32,0.75,3,25,1,19,0,0,0,0,68,5.9,22:27,--
86,Carter Verhaeghe,2024-25,FLA,L,C,61,16,28,44,-13,36,0.72,11,28,5,16,0,0,0,5,185,8.7,18:11,32.3
87,Roope Hintz,2024-25,DAL,L,C,55,23,20,43,+9,16,0.78,17,30,5,11,1,2,0,5,125,18.4,16:40,54.7
88,Andrei Svechnikov,2024-25,CAR,L,R,58,18,25,43,-7,38,0.74,9,26,9,17,0,0,0,2,159,11.3,17:34,25.0
89,Nazem Kadri,2024-25,CGY,L,C,59,20,23,43,-17,61,0.73,16,28,4,15,0,0,0,2,197,10.2,18:59,47.1
90,Jonathan Huberdeau,2024-25,CGY,L,L,59,22,21,43,-8,28,0.73,13,26,7,14,2,3,1,5,112,19.6,19:05,25.9
91,Teuvo Teravainen,2024-25,CHI,L,C,59,13,30,43,-15,8,0.73,7,23,6,19,0,1,0,0,89,14.6,16:49,41.7
92,Jared McCann,2024-25,SEA,L,L,60,15,28,43,+5,14,0.72,13,32,2,10,0,1,1,2,142,10.6,17:22,45.8
93,Dylan Holloway,2024-25,STL,L,L,60,18,25,43,+11,10,0.72,15,34,3,9,0,0,1,5,136,13.2,16:35,42.8
94,Erik Karlsson,2024-25,PIT,R,D,61,8,35,43,-19,18,0.70,7,32,1,11,0,0,0,0,152,5.3,23:07,--
95,Macklin Celebrini,2024-25,SJS,L,C,48,18,24,42,-21,22,0.88,12,28,6,14,0,0,1,4,163,11.0,19:45,48.6
96,Bryan Rust,2024-25,PIT,R,R,50,20,22,42,-23,16,0.84,17,32,3,10,0,0,2,4,124,16.1,19:34,66.7
97,William Eklund,2024-25,SJS,L,L,55,12,30,42,-5,22,0.76,6,27,6,13,0,2,1,1,99,12.1,19:36,31.0
98,Bo Horvat,2024-25,NYI,L,C,58,20,22,42,+8,6,0.72,16,36,3,5,1,1,2,5,172,11.6,20:01,60.0
99,Anders Lee,2024-25,NYI,L,L,59,23,19,42,+15,20,0.71,19,36,4,6,0,0,0,2,168,13.7,17:17,38.9
100,Mika Zibanejad,2024-25,NYR,R,C,59,13,29,42,-21,20,0.71,9,24,4,15,0,3,0,0,131,9.9,18:26,52.7
101,Sean Monahan,2024-25,CBJ,L,C,41,14,27,41,+17,14,1.00,10,30,4,9,0,2,0,2,106,13.2,19:27,51.5
102,Kent Johnson,2024-25,CBJ,L,C,45,20,21,41,+1,10,0.91,16,28,3,11,1,2,0,4,89,22.5,17:27,0.0
103,Evgeni Malkin,2024-25,PIT,L,C,51,12,29,41,-17,26,0.80,10,30,2,11,0,0,1,3,86,14.0,17:52,42.6
104,Pavel Buchnevich,2024-25,STL,L,L,58,12,29,41,+5,19,0.71,10,31,2,9,0,1,0,0,111,10.8,18:56,36.7
105,Brock Nelson,2024-25,NYI,L,C,59,19,22,41,+4,14,0.69,15,35,1,3,3,3,1,6,161,11.8,19:18,52.8
106,Ryan Donato,2024-25,CHI,L,C,57,19,21,40,-11,30,0.70,17,30,2,10,0,0,0,2,129,14.7,15:19,45.4
107,Kyle Palmieri,2024-25,NYI,R,C,59,19,21,40,-3,14,0.68,16,32,3,7,0,1,0,2,114,16.7,18:11,39.3
108,Chandler Stephenson,2024-25,SEA,L,C,59,10,30,40,-13,22,0.68,8,22,1,17,1,1,0,1,59,17.0,19:38,52.0
109,Dougie Hamilton,2024-25,NJD,R,D,60,9,31,40,+10,28,0.67,4,25,5,15,0,0,0,3,175,5.1,19:58,--
110,Anton Lundell,2024-25,FLA,L,C,60,14,26,40,+15,24,0.67,10,32,2,6,2,2,0,1,117,12.0,16:43,51.4
111,Ivan Barbashev,2024-25,VGK,L,C,49,18,21,39,+18,8,0.80,16,37,2,2,0,0,1,3,82,22.0,16:57,35.0
112,Dmitri Voronkov,2024-25,CBJ,L,L,50,19,20,39,+17,41,0.78,12,29,7,10,0,0,0,1,108,17.6,17:11,42.3
113,Jakob Chychrun,2024-25,WSH,L,D,55,17,22,39,+20,36,0.71,12,25,5,14,0,0,1,5,130,13.1,21:05,--
114,Sam Bennett,2024-25,FLA,L,C,59,19,20,39,-9,69,0.66,15,32,4,7,0,0,0,2,193,9.8,17:11,47.2
115,John Carlson,2024-25,WSH,R,D,60,4,35,39,+18,18,0.65,3,27,1,12,0,0,0,0,125,3.2,23:47,--
116,Roman Josi,2024-25,NSH,L,D,53,9,29,38,-26,18,0.72,7,21,2,17,0,0,0,1,150,6.0,25:02,--
117,Mikhail Sergachev,2024-25,UTA,L,D,55,10,28,38,-11,20,0.69,7,22,3,16,0,0,2,3,94,10.6,25:35,--
118,Matthew Knies,2024-25,TOR,L,L,55,22,16,38,+3,26,0.69,19,29,3,8,0,1,0,3,93,23.7,18:20,0.0
119,Kevin Fiala,2024-25,LAK,L,L,56,23,15,38,-7,34,0.68,16,24,7,14,0,0,0,4,166,13.9,18:43,41.4
120,Tyler Toffoli,2024-25,SJS,R,C,57,21,17,38,-18,10,0.67,17,26,4,12,0,0,0,1,162,13.0,16:38,52.9
121,Jamie Benn,2024-25,DAL,L,L,59,15,23,38,+3,60,0.64,14,31,1,7,0,0,1,4,106,14.2,15:39,55.8
122,Vincent Trocheck,2024-25,NYR,R,C,59,17,21,38,-5,38,0.64,12,27,4,10,1,1,0,3,152,11.2,21:16,59.9
123,Timo Meier,2024-25,NJD,L,R,59,15,23,38,+11,52,0.64,12,30,3,8,0,0,0,2,169,8.9,17:24,36.8
124,Mats Zuccarello,2024-25,MIN,L,R,47,13,24,37,+3,16,0.79,11,27,2,10,0,0,0,3,100,13.0,19:31,48.0
125,Claude Giroux,2024-25,OTT,R,R,58,11,26,37,-3,16,0.64,9,25,2,11,0,1,0,2,108,10.2,18:47,61.6
126,Ryan Nugent-Hopkins,2024-25,EDM,L,C,58,16,21,37,+3,20,0.64,10,21,6,16,0,0,1,4,112,14.3,18:57,49.6
127,Conor Garland,2024-25,VAN,R,R,59,16,21,37,-5,31,0.63,10,25,6,12,0,0,2,3,128,12.5,18:51,33.3
128,Pavel Dorofeyev,2024-25,VGK,L,L,59,24,13,37,-10,20,0.63,14,24,10,13,0,0,0,4,176,13.6,16:26,18.8
129,Jaden Schwartz,2024-25,SEA,L,C,60,19,18,37,-5,20,0.62,16,31,3,6,0,0,0,5,142,13.4,18:11,43.2
130,Neal Pionk,2024-25,WPG,R,D,60,9,28,37,+19,44,0.62,5,25,4,11,0,1,1,2,107,8.4,22:13,--
131,Cole Perfetti,2024-25,WPG,L,C,60,12,25,37,+17,12,0.62,7,24,5,13,0,0,0,2,102,11.8,15:05,27.3
132,Brock Boeser,2024-25,VAN,R,R,52,18,18,36,-18,16,0.69,11,22,7,14,0,0,0,2,104,17.3,17:49,25.8
133,Ryan O'Reilly,2024-25,NSH,L,C,56,14,22,36,-19,11,0.64,8,24,6,12,0,0,0,3,109,12.8,18:54,56.5
134,Jake Sanderson,2024-25,OTT,L,D,57,6,30,36,-18,10,0.63,2,11,4,21,0,4,1,1,132,4.6,24:22,--
135,Adam Fantilli,2024-25,CBJ,L,C,59,17,19,36,-1,14,0.61,14,31,2,4,1,1,0,1,132,12.9,17:41,41.6
136,Brayden Schenn,2024-25,STL,L,C,60,12,24,36,-3,48,0.60,10,31,2,5,0,0,2,4,106,11.3,17:32,50.7
137,Patrick Kane,2024-25,DET,L,R,49,14,21,35,-12,8,0.71,6,16,8,19,0,0,2,6,109,12.8,17:34,37.5
138,Artturi Lehkonen,2024-25,COL,L,L,49,24,11,35,+24,24,0.71,22,31,1,3,1,1,0,4,108,22.2,21:09,38.5
139,Elias Pettersson,2024-25,VAN,L,C,53,11,24,35,-7,12,0.66,6,23,5,12,0,0,0,1,94,11.7,18:50,46.1
140,Owen Tippett,2024-25,PHI,R,R,55,18,17,35,-7,14,0.64,18,29,0,6,0,0,1,2,142,12.7,16:32,35.7
141,Oliver Bjorkstrand,2024-25,SEA,R,R,59,15,20,35,-1,14,0.59,11,28,4,7,0,0,0,1,120,12.5,15:28,33.3
142,Jake DeBrusk,2024-25,VAN,L,L,59,21,14,35,-8,14,0.59,12,22,9,13,0,0,1,3,115,18.3,16:36,27.8
143,Moritz Seider,2024-25,DET,R,D,59,5,30,35,-3,28,0.59,4,18,1,17,0,0,0,0,117,4.3,25:16,--
144,Pavel Zacha,2024-25,BOS,L,C,60,12,23,35,+2,19,0.58,8,27,2,5,2,3,2,4,105,11.4,19:18,52.7
145,Zach Hyman,2024-25,EDM,R,L,54,20,14,34,+9,24,0.63,14,23,6,11,0,0,1,6,152,13.2,19:14,25.0
146,Quinton Byfield,2024-25,LAK,L,R,57,11,23,34,+8,30,0.60,10,31,1,3,0,0,1,2,110,10.0,18:35,43.9
147,Shane Wright,2024-25,SEA,R,C,57,13,21,34,+5,16,0.60,7,23,6,11,0,0,0,2,59,22.0,13:35,45.6
148,Ryan Strome,2024-25,ANA,R,C,58,9,25,34,-1,40,0.59,9,29,0,5,0,0,0,3,104,8.7,17:02,42.0
149,Fabian Zetterlund,2024-25,SJS,R,L,60,16,18,34,+10,10,0.57,13,29,3,5,0,0,0,0,131,12.2,17:00,60.0
150,Barrett Hayton,2024-25,UTA,L,C,60,16,18,34,+4,25,0.57,12,27,4,7,0,0,0,5,113,14.2,15:52,54.4
151,Nick Paul,2024-25,TBL,L,L,53,18,15,33,+8,30,0.62,16,27,2,5,0,1,1,3,95,19.0,16:29,51.0
152,Juraj Slafkovsky,2024-25,MTL,L,L,56,10,23,33,-7,25,0.59,8,26,2,7,0,0,0,1,81,12.4,16:54,33.3
153,Frank Vatrano,2024-25,ANA,L,R,57,18,15,33,-2,38,0.58,14,27,3,5,1,1,0,1,182,9.9,17:56,41.7
154,Kaapo Kakko,2024-25,"NYR, SEA",L,R,57,10,23,33,+4,30,0.58,7,28,3,5,0,0,0,1,89,11.2,15:23,47.8
155,Thomas Harley,2024-25,DAL,L,D,57,10,23,33,+29,12,0.58,9,26,1,7,0,0,1,1,121,8.3,22:35,--
156,Evgenii Dadonov,2024-25,DAL,L,R,59,16,17,33,+11,6,0.56,12,27,4,6,0,0,0,2,99,16.2,14:01,--
157,Steven Stamkos,2024-25,NSH,R,C,59,17,16,33,-23,34,0.56,8,19,9,14,0,0,0,5,125,13.6,17:58,51.2
158,Colton Parayko,2024-25,STL,R,D,59,14,19,33,+8,8,0.56,12,30,1,1,1,2,1,4,114,12.3,23:58,--
159,Casey Mittelstadt,2024-25,COL,L,C,61,10,23,33,-12,20,0.54,9,23,1,10,0,0,0,2,79,12.7,17:08,41.7
160,Shayne Gostisbehere,2024-25,CAR,L,D,51,7,25,32,-6,22,0.63,3,13,4,19,0,0,0,0,91,7.7,18:21,--
161,Simon Holmstrom,2024-25,NYI,L,R,52,14,18,32,+9,6,0.62,12,26,1,3,1,3,0,2,65,21.5,16:25,33.3
162,Warren Foegele,2024-25,LAK,L,L,57,17,15,32,+23,12,0.56,17,32,0,0,0,0,0,5,137,12.4,16:04,47.4
163,Stefan Noesen,2024-25,NJD,R,R,58,19,13,32,-4,46,0.55,9,18,10,14,0,0,1,5,125,15.2,15:52,50.0
164,MacKenzie Weegar,2024-25,CGY,R,D,59,6,26,32,+11,27,0.54,3,16,3,15,0,1,0,0,136,4.4,23:46,0.0
165,Alexis Lafrenière,2024-25,NYR,L,L,59,14,18,32,-18,24,0.54,12,28,2,4,0,0,0,3,128,10.9,17:35,40.0
166,Matty Beniers,2024-25,SEA,L,C,60,13,19,32,+3,12,0.53,10,26,3,6,0,0,1,1,106,12.3,18:34,46.9
167,Josh Norris,2024-25,OTT,L,C,50,19,12,31,-6,34,0.62,10,16,6,11,3,4,1,5,92,20.7,18:24,54.0
168,Mason McTavish,2024-25,ANA,L,C,52,14,17,31,-3,28,0.60,10,23,4,8,0,0,0,0,111,12.6,16:33,49.2
169,Alex Laferriere,2024-25,LAK,R,R,53,15,16,31,+13,14,0.58,13,27,2,4,0,0,0,4,125,12.0,16:52,36.2
170,Ryan McLeod,2024-25,BUF,L,C,54,14,17,31,+12,12,0.57,13,30,0,0,1,1,0,1,58,24.1,16:01,52.3
171,Matt Coronato,2024-25,CGY,R,R,54,15,16,31,+5,21,0.57,12,19,3,12,0,0,1,2,125,12.0,17:09,44.4
172,Morgan Geekie,2024-25,BOS,R,C,55,19,12,31,+5,20,0.56,16,25,3,6,0,0,0,4,112,17.0,16:15,46.5
173,Phillip Danault,2024-25,LAK,L,C,56,5,26,31,+12,12,0.55,5,30,0,0,0,1,0,1,89,5.6,17:51,53.3
174,Owen Power,2024-25,BUF,L,D,57,6,25,31,-5,12,0.54,5,29,1,2,0,0,0,0,110,5.5,22:11,--
175,Morgan Rielly,2024-25,TOR,L,D,59,7,24,31,-13,19,0.53,6,18,1,12,0,1,1,2,97,7.2,21:33,--
176,Tyler Bertuzzi,2024-25,CHI,L,L,59,17,14,31,-31,43,0.53,9,19,8,12,0,0,0,0,99,17.2,16:15,47.4
177,Will Cuylle,2024-25,NYR,L,L,59,16,15,31,+8,30,0.53,12,26,2,3,2,2,0,2,109,14.7,14:50,32.1
178,Elias Lindholm,2024-25,BOS,R,C,60,11,20,31,-5,14,0.52,8,16,2,12,1,3,0,2,107,10.3,18:19,54.4
179,Jake Walman,2024-25,SJS,L,D,47,6,24,30,-3,34,0.64,6,23,0,7,0,0,0,1,118,5.1,23:06,--
180,Aaron Ekblad,2024-25,FLA,R,D,53,3,27,30,+10,49,0.57,3,19,0,9,0,2,0,2,104,2.9,23:29,--
181,Jean-Gabriel Pageau,2024-25,NYI,R,C,56,11,19,30,+8,21,0.54,8,24,2,3,1,3,0,1,93,11.8,16:48,60.0
182,Vladislav Namestnikov,2024-25,WPG,L,C,56,10,20,30,+19,32,0.54,8,19,2,10,0,1,0,1,69,14.5,15:02,44.9
183,Dylan Cozens,2024-25,BUF,R,C,57,11,19,30,-13,56,0.53,9,26,2,4,0,0,0,1,127,8.7,17:15,50.6
184,Jordan Staal,2024-25,CAR,L,C,59,11,19,30,+13,14,0.51,9,28,0,0,2,2,0,2,84,13.1,15:25,54.3
185,Mason Marchment,2024-25,DAL,L,L,41,14,15,29,+10,39,0.71,13,23,1,6,0,0,0,3,92,15.2,15:32,33.3
186,Jackson LaCombe,2024-25,ANA,L,D,51,10,19,29,+3,18,0.57,9,23,1,5,0,1,0,1,106,9.4,21:11,--
187,Cole Sillinger,2024-25,CBJ,L,C,54,9,20,29,-15,35,0.54,6,24,2,3,1,2,1,2,114,7.9,17:18,46.4
188,Sean Couturier,2024-25,PHI,L,C,57,9,20,29,+5,29,0.51,9,28,0,1,0,0,1,1,101,8.9,16:38,55.9
189,Devon Toews,2024-25,COL,L,D,57,7,22,29,+18,16,0.51,7,28,0,1,0,0,2,3,109,6.4,24:48,--
190,Bowen Byram,2024-25,BUF,L,D,57,7,22,29,+8,22,0.51,7,27,0,2,0,0,0,2,68,10.3,23:10,--
191,Reilly Smith,2024-25,NYR,L,R,58,10,19,29,-1,22,0.50,7,23,1,4,2,2,0,2,89,11.2,15:36,33.3
192,Michael Bunting,2024-25,PIT,L,L,58,14,15,29,-18,48,0.50,5,14,9,15,0,0,0,1,110,12.7,15:15,45.5
193,Jack Roslovic,2024-25,CAR,R,C,58,19,10,29,-9,4,0.50,18,27,1,2,0,0,0,2,102,18.6,13:50,56.2
194,Brett Howden,2024-25,VGK,L,C,58,16,13,29,+9,24,0.50,15,28,0,0,1,1,1,3,101,15.8,14:57,51.8
195,Blake Coleman,2024-25,CGY,L,L,59,12,17,29,-8,24,0.49,9,23,3,4,0,2,0,3,140,8.6,17:42,52.9
196,Nino Niederreiter,2024-25,WPG,L,R,60,14,15,29,+15,18,0.48,12,21,2,8,0,0,0,2,116,12.1,14:41,40.0
197,Jake Neighbours,2024-25,STL,L,L,60,15,14,29,-3,37,0.48,10,20,5,9,0,0,1,1,100,15.0,16:04,27.8
198,Matt Grzelcyk,2024-25,PIT,L,D,61,1,28,29,-11,8,0.48,1,19,0,10,0,0,0,0,74,1.4,20:02,--
199,James van Riemsdyk,2024-25,CBJ,L,L,52,14,14,28,-2,12,0.54,13,26,1,2,0,0,0,2,64,21.9,12:17,18.8
200,Logan Stankoven,2024-25,DAL,R,C,56,9,19,28,+2,4,0.50,8,22,1,6,0,0,0,4,147,6.1,14:59,46.7
201,Thomas Chabot,2024-25,OTT,L,D,57,5,23,28,+12,20,0.49,5,23,0,5,0,0,1,1,135,3.7,23:13,--
202,Bobby Brink,2024-25,PHI,R,R,57,8,20,28,-10,14,0.49,6,24,2,4,0,0,0,2,79,10.1,14:13,29.0
203,Morgan Frost,2024-25,"PHI, CGY",L,C,58,13,15,28,-13,22,0.48,12,20,1,8,0,0,0,2,103,12.6,15:19,51.1
204,Brandon Montour,2024-25,SEA,R,D,59,10,18,28,-12,37,0.47,6,20,4,8,0,0,0,2,168,6.0,23:09,--
205,Tyson Foerster,2024-25,PHI,R,R,59,16,12,28,-5,39,0.47,12,23,4,5,0,0,0,1,91,17.6,16:04,0.0
206,Seth Jones,2024-25,CHI,R,D,42,7,20,27,-18,18,0.64,2,12,5,15,0,0,0,2,81,8.6,24:30,--
207,Mason Lohrei,2024-25,BOS,L,D,55,3,24,27,-16,16,0.49,3,15,0,12,0,0,0,0,59,5.1,18:54,--
208,Scott Laughton,2024-25,PHI,L,C,57,11,16,27,-15,21,0.47,10,25,0,0,1,2,0,1,100,11.0,14:57,49.4
209,Pius Suter,2024-25,VAN,L,C,58,15,12,27,+2,10,0.47,12,22,2,4,1,1,0,3,89,16.9,16:33,42.9
210,Jordan Martinook,2024-25,CAR,L,L,59,10,17,27,+16,10,0.46,10,26,0,0,0,1,0,2,88,11.4,15:23,48.3
211,Jake Evans,2024-25,MTL,R,C,59,11,16,27,+1,10,0.46,8,21,0,0,3,6,0,5,58,19.0,15:33,52.2
212,Ivan Provorov,2024-25,CBJ,L,D,59,7,20,27,+8,18,0.46,5,21,1,3,1,3,0,0,73,9.6,23:37,--
213,Jesperi Kotkaniemi,2024-25,CAR,L,C,59,11,16,27,+8,42,0.46,11,26,0,1,0,0,0,1,89,12.4,13:54,50.4
214,Travis Sanheim,2024-25,PHI,L,D,60,6,21,27,-5,28,0.45,6,23,0,2,0,2,0,0,106,5.7,24:28,--
215,Evan Rodrigues,2024-25,FLA,R,C,61,14,13,27,0,30,0.44,11,22,3,5,0,0,0,1,127,11.0,15:18,45.6
216,Vince Dunn,2024-25,SEA,L,D,40,11,15,26,-7,23,0.65,9,18,2,8,0,0,1,3,94,11.7,22:06,--
217,Trevor Moore,2024-25,LAK,L,L,48,11,15,26,+6,8,0.54,9,23,1,2,1,1,0,1,101,10.9,17:05,0.0
218,Bobby McMann,2024-25,TOR,L,C,51,17,9,26,+5,18,0.51,14,20,3,6,0,0,0,4,122,13.9,14:45,19.1
219,Adam Lowry,2024-25,WPG,L,C,52,11,15,26,+17,21,0.50,11,24,0,0,0,2,1,4,73,15.1,15:22,51.9
220,Will Smith,2024-25,SJS,R,C,52,9,17,26,-9,10,0.50,7,21,2,5,0,0,0,1,74,12.2,14:44,34.3
221,Taylor Hall,2024-25,"CHI, CAR",L,L,55,10,16,26,-12,20,0.47,9,23,1,3,0,0,0,1,98,10.2,14:54,45.7
222,Alex Pietrangelo,2024-25,VGK,R,D,56,3,23,26,+7,12,0.46,3,23,0,1,0,2,0,1,103,2.9,22:37,--
223,Noah Cates,2024-25,PHI,L,L,56,13,13,26,+7,10,0.46,12,24,1,2,0,0,0,2,78,16.7,15:12,46.6
224,Nick Foligno,2024-25,CHI,L,L,58,12,14,26,-13,44,0.45,10,22,2,4,0,0,0,1,78,15.4,16:14,49.5
225,Mattias Ekholm,2024-25,EDM,L,D,58,8,18,26,+10,28,0.45,5,21,3,5,0,0,1,1,128,6.3,22:40,--
226,Noah Hanifin,2024-25,VGK,L,D,59,6,20,26,-1,14,0.44,5,23,1,3,0,0,0,1,109,5.5,21:17,--
227,Frederick Gaudreau,2024-25,MIN,R,C,60,12,14,26,+2,6,0.43,9,23,3,3,0,0,0,1,83,14.5,15:13,50.5
228,Eeli Tolvanen,2024-25,SEA,L,R,60,16,10,26,0,14,0.43,15,22,1,4,0,0,0,2,97,16.5,13:43,50.0
229,Jonathan Drouin,2024-25,COL,L,L,28,7,18,25,+4,4,0.89,6,21,1,4,0,0,0,2,38,18.4,19:12,26.7
230,Filip Chytil,2024-25,"NYR, VAN",L,C,49,12,13,25,0,18,0.51,11,20,1,5,0,0,0,1,112,10.7,14:57,47.2
231,Miro Heiskanen,2024-25,DAL,L,D,50,5,20,25,+7,10,0.50,5,18,0,7,0,0,0,0,108,4.6,25:10,--
232,Luke Hughes,2024-25,NJD,L,D,51,5,20,25,-1,14,0.49,5,19,0,6,0,0,0,1,79,6.3,20:16,0.0
233,J.T. Compher,2024-25,DET,R,L,53,7,18,25,+1,10,0.47,3,17,4,8,0,0,0,2,66,10.6,16:46,46.4
234,Maxim Tsyplakov,2024-25,NYI,L,R,54,7,18,25,+6,33,0.46,7,23,0,2,0,0,0,1,75,9.3,15:46,52.9
235,Alexander Wennberg,2024-25,SJS,L,C,55,8,17,25,-17,8,0.45,5,17,3,8,0,0,2,2,60,13.3,18:17,48.0
236,Brandt Clarke,2024-25,LAK,R,D,55,4,21,25,+7,36,0.45,2,18,2,7,0,0,0,0,98,4.1,16:18,--
237,Mike Matheson,2024-25,MTL,L,D,57,4,21,25,-8,43,0.44,3,15,1,10,0,0,0,0,108,3.7,24:41,--
238,Oliver Ekman-Larsson,2024-25,TOR,L,D,58,4,21,25,+18,40,0.43,2,21,2,4,0,0,0,1,94,4.3,21:01,--
239,Cutter Gauthier,2024-25,ANA,L,L,58,12,13,25,+1,14,0.43,10,19,2,6,0,0,1,2,124,9.7,14:16,29.4
240,Brendan Gallagher,2024-25,MTL,R,R,59,15,10,25,-11,25,0.42,10,19,5,6,0,0,0,1,110,13.6,13:44,0.0
241,Eric Robinson,2024-25,CAR,L,L,59,12,13,25,+11,8,0.42,12,25,0,0,0,0,0,1,81,14.8,12:10,23.3
242,Dawson Mercer,2024-25,NJD,R,C,60,13,12,25,+8,12,0.42,10,21,2,3,1,1,0,2,99,13.1,17:45,43.9
243,Joel Eriksson Ek,2024-25,MIN,L,C,42,9,15,24,+5,20,0.57,6,16,3,8,0,0,0,1,123,7.3,19:38,46.9
244,Noah Dobson,2024-25,NYI,R,D,48,6,18,24,-4,16,0.50,6,16,0,7,0,1,0,0,145,4.1,23:56,--
245,Vladimir Tarasenko,2024-25,DET,L,R,57,8,16,24,-8,6,0.42,7,17,1,7,0,0,0,0,100,8.0,14:50,0.0
246,Alex Killorn,2024-25,ANA,L,L,58,11,13,24,+5,24,0.41,11,21,0,3,0,0,1,4,89,12.4,17:17,41.2
247,Dmitry Orlov,2024-25,CAR,L,D,59,4,20,24,+16,16,0.41,4,23,0,1,0,0,0,1,90,4.4,19:43,--
248,Joel Armia,2024-25,MTL,R,R,59,10,14,24,0,16,0.41,7,18,0,3,3,3,0,1,90,11.1,14:39,21.4
249,Keegan Kolesar,2024-25,VGK,R,R,59,12,12,24,+6,39,0.41,12,23,0,0,0,1,0,3,63,19.1,13:23,41.7
250,Taylor Raddysh,2024-25,WSH,R,R,60,5,19,24,+1,12,0.40,5,23,0,1,0,0,0,1,63,7.9,12:25,31.8
251,Patrik Laine,2024-25,MTL,R,L,31,14,9,23,-10,10,0.74,3,9,11,14,0,0,1,4,72,19.4,14:43,52.9
252,Charlie McAvoy,2024-25,BOS,R,D,50,7,16,23,0,46,0.46,4,18,2,4,1,1,0,2,98,7.1,23:40,--
253,Jack Quinn,2024-25,BUF,R,R,50,10,13,23,-12,14,0.46,8,14,2,9,0,0,0,2,91,11.0,15:24,20.0
254,Max Domi,2024-25,TOR,L,C,51,3,20,23,+3,38,0.45,3,17,0,6,0,0,0,1,71,4.2,14:33,48.6
255,Darren Raddysh,2024-25,TBL,R,D,51,3,20,23,+5,12,0.45,2,17,1,6,0,0,0,0,80,3.8,18:04,--
256,Leo Carlsson,2024-25,ANA,L,C,52,11,12,23,0,8,0.44,8,18,3,5,0,0,2,5,66,16.7,15:58,40.2
257,Kris Letang,2024-25,PIT,R,D,54,8,15,23,-16,36,0.43,3,13,4,9,1,1,0,0,121,6.6,23:31,--
258,Marco Kasper,2024-25,DET,L,C,54,10,13,23,-9,20,0.43,8,19,2,4,0,0,0,1,91,11.0,14:48,47.2
259,Kiefer Sherwood,2024-25,VAN,R,L,55,13,10,23,-2,24,0.42,12,21,0,1,1,1,0,3,99,13.1,14:38,43.9
260,Simon Edvinsson,2024-25,DET,L,D,55,7,16,23,+10,36,0.42,7,22,0,0,0,1,1,3,54,13.0,20:53,--
261,Damon Severson,2024-25,CBJ,R,D,56,6,17,23,+7,37,0.41,6,23,0,0,0,0,0,1,79,7.6,19:43,--
262,Andrew Copp,2024-25,DET,L,C,56,10,13,23,+4,8,0.41,9,21,0,1,1,1,0,2,67,14.9,14:42,50.7
263,Brock Faber,2024-25,MIN,R,D,56,6,17,23,+4,19,0.41,5,14,1,9,0,0,1,1,74,8.1,25:04,--
264,Ondrej Palat,2024-25,NJD,L,L,58,13,10,23,-1,10,0.40,11,20,2,3,0,0,0,3,78,16.7,13:54,20.0
265,Michael Kesselring,2024-25,UTA,R,D,60,6,17,23,+7,65,0.38,5,20,1,3,0,0,1,1,110,5.5,18:31,--
266,Victor Olofsson,2024-25,VGK,L,L,38,11,11,22,+10,8,0.58,5,15,6,7,0,0,0,3,73,15.1,14:49,14.3
267,Connor Zary,2024-25,CGY,L,C,44,10,12,22,-9,10,0.50,9,13,1,9,0,0,1,2,91,11.0,16:11,36.6
268,Shane Pinto,2024-25,OTT,R,C,46,11,11,22,+4,16,0.48,8,16,1,2,2,4,0,5,91,12.1,17:39,50.4
269,Cam Fowler,2024-25,"ANA, STL",L,D,47,7,15,22,+1,14,0.47,5,19,2,3,0,0,0,0,59,11.9,21:55,--
270,Yegor Sharangovich,2024-25,CGY,L,C,52,11,11,22,-7,6,0.42,5,14,5,7,1,1,0,0,97,11.3,17:10,49.6
271,Darnell Nurse,2024-25,EDM,L,D,55,4,18,22,+8,40,0.40,3,20,0,1,1,1,1,1,140,2.9,21:49,--
272,Justin Faulk,2024-25,STL,R,D,56,2,20,22,-11,16,0.39,2,14,0,8,0,0,0,1,90,2.2,22:24,--
273,Adam Gaudette,2024-25,OTT,R,R,57,16,6,22,+10,6,0.39,13,19,3,3,0,0,0,3,69,23.2,10:46,51.9
274,Kirby Dach,2024-25,MTL,R,C,57,10,12,22,-29,40,0.39,9,15,1,7,0,0,0,2,84,11.9,15:40,40.3
275,Jesper Boqvist,2024-25,FLA,L,C,58,12,10,22,+2,14,0.38,11,21,0,0,1,1,0,3,63,19.1,12:59,41.6
276,Mikael Backlund,2024-25,CGY,L,C,59,10,12,22,0,26,0.37,8,15,1,6,1,1,0,3,140,7.1,19:05,48.3
277,Connor Brown,2024-25,EDM,R,R,59,7,15,22,+4,6,0.37,6,20,0,0,1,2,1,2,78,9.0,13:33,38.2
278,Danton Heinen,2024-25,"VAN, PIT",L,L,59,7,15,22,-2,31,0.37,6,20,1,2,0,0,0,0,61,11.5,13:52,42.4
279,Alex Vlasic,2024-25,CHI,L,D,59,2,20,22,-12,10,0.37,1,12,1,10,0,0,0,0,81,2.5,23:39,--
280,Marcus Foligno,2024-25,MIN,L,L,60,11,11,22,+8,57,0.37,11,22,0,0,0,0,0,1,66,16.7,14:06,27.3
281,Gustav Forsling,2024-25,FLA,L,D,61,9,13,22,+31,10,0.36,8,20,0,0,1,2,1,1,156,5.8,22:51,--
282,Jared Spurgeon,2024-25,MIN,R,D,45,6,15,21,+6,12,0.47,5,16,1,5,0,0,1,3,74,8.1,20:23,--
283,Chris Kreider,2024-25,NYR,L,L,48,17,4,21,-6,20,0.44,8,11,6,7,3,3,0,6,120,14.2,17:14,37.9
284,Nicolas Roy,2024-25,VGK,R,C,48,7,14,21,-7,37,0.44,7,19,0,2,0,0,0,2,72,9.7,15:14,47.7
285,Tommy Novak,2024-25,NSH,L,C,50,12,9,21,-5,4,0.42,11,16,1,5,0,0,0,2,85,14.1,13:15,42.9
286,Jeff Skinner,2024-25,EDM,L,L,52,11,10,21,-6,10,0.40,11,19,0,2,0,0,0,0,109,10.1,12:30,45.0
287,Ryker Evans,2024-25,SEA,L,D,53,5,16,21,-2,18,0.40,4,18,1,3,0,0,0,0,48,10.4,19:56,--
288,Gustav Nyquist,2024-25,NSH,L,R,57,9,12,21,-20,12,0.37,7,19,1,1,1,1,0,0,71,12.7,17:39,45.8
289,Andre Burakovsky,2024-25,SEA,L,L,57,5,16,21,-5,10,0.37,5,18,0,3,0,0,0,0,84,6.0,14:39,50.0
290,Brent Burns,2024-25,CAR,R,D,59,4,17,21,+4,22,0.36,4,19,0,2,0,0,0,0,141,2.8,21:23,--
291,Brady Skjei,2024-25,NSH,L,D,59,7,14,21,-12,28,0.36,6,16,1,5,0,0,0,1,114,6.1,21:31,--
292,Jaccob Slavin,2024-25,CAR,L,D,59,5,16,21,+14,8,0.36,5,19,0,0,0,2,0,2,78,6.4,21:40,--
293,Rasmus Andersson,2024-25,CGY,R,D,59,8,13,21,-19,50,0.36,5,14,3,7,0,0,0,1,115,7.0,24:04,--
294,Vasily Podkolzin,2024-25,EDM,L,R,59,6,15,21,+5,22,0.36,6,21,0,0,0,0,0,2,85,7.1,12:58,22.5
295,Nic Dowd,2024-25,WSH,R,C,60,11,10,21,+9,42,0.35,10,20,0,0,1,1,0,2,65,16.9,15:20,49.1
296,Rasmus Sandin,2024-25,WSH,L,D,60,4,17,21,+18,10,0.35,3,18,1,3,0,0,0,0,62,6.5,19:06,--
297,Tyler Seguin,2024-25,DAL,R,C,19,9,11,20,+14,2,1.05,6,17,3,3,0,0,0,2,43,20.9,16:13,52.1
298,Mathew Barzal,2024-25,NYI,R,C,30,6,14,20,+10,4,0.67,5,16,1,4,0,0,0,1,78,7.7,20:21,42.3
299,Ross Colton,2024-25,COL,L,C,44,15,5,20,-6,10,0.45,10,14,5,6,0,0,0,3,96,15.6,15:23,40.7
300,Philip Broberg,2024-25,STL,L,D,47,6,14,20,+10,10,0.43,6,18,0,2,0,0,0,1,68,8.8,20:10,--
301,Matt Roy,2024-25,WSH,R,D,50,2,18,20,+19,16,0.40,2,20,0,0,0,0,0,0,56,3.6,19:40,--
302,Zack Bolduc,2024-25,STL,L,C,50,8,12,20,+12,18,0.40,7,17,1,3,0,0,0,0,69,11.6,12:16,41.7
303,Alex Turcotte,2024-25,LAK,L,C,52,7,13,20,+8,14,0.38,7,20,0,0,0,0,0,1,62,11.3,12:16,40.0
304,Justin Brazeau,2024-25,BOS,R,R,55,10,10,20,-6,16,0.36,6,15,4,5,0,0,0,2,74,13.5,12:59,23.1
305,Tyler Myers,2024-25,VAN,R,D,56,4,16,20,-3,66,0.36,4,18,0,1,0,1,0,0,62,6.5,20:47,--
306,Alexandre Carrier,2024-25,"NSH, MTL",R,D,56,3,17,20,-8,20,0.36,3,19,0,0,0,1,0,0,58,5.2,20:17,--
307,Jordan Spence,2024-25,LAK,R,D,56,3,17,20,+15,14,0.36,3,16,0,4,0,0,0,0,61,4.9,17:31,--
308,Vladislav Gavrikov,2024-25,LAK,L,D,57,3,17,20,+9,12,0.35,3,19,0,0,0,1,0,0,78,3.9,23:55,--
309,Sam Steel,2024-25,DAL,L,C,57,6,14,20,0,22,0.35,5,19,0,0,1,1,0,1,75,8.0,14:31,52.5
310,Ilya Mikheyev,2024-25,CHI,L,R,57,11,9,20,-1,14,0.35,10,19,0,0,1,1,0,1,91,12.1,15:09,11.1
311,Corey Perry,2024-25,EDM,R,R,58,12,8,20,+10,34,0.34,11,17,1,3,0,0,0,2,67,17.9,11:32,55.0
312,Samuel Girard,2024-25,COL,L,D,58,3,17,20,+2,12,0.34,3,19,0,1,0,0,1,2,73,4.1,21:06,--
313,Esa Lindell,2024-25,DAL,L,D,59,4,16,20,+23,14,0.34,3,19,1,1,0,0,0,0,75,5.3,21:47,--
314,Brett Kulak,2024-25,EDM,L,D,59,7,13,20,+1,10,0.34,7,20,0,0,0,0,0,0,94,7.5,20:00,--
315,Andrew Mangiapane,2024-25,WSH,L,L,59,11,9,20,+7,16,0.34,10,18,0,1,1,1,0,2,68,16.2,13:14,57.1
316,Mathieu Olivier,2024-25,CBJ,R,R,59,11,9,20,-8,99,0.34,10,18,0,0,1,2,0,3,74,14.9,14:20,35.7
317,Joel Farabee,2024-25,"PHI, CGY",L,L,59,9,11,20,-15,26,0.34,9,17,0,3,0,0,0,0,109,8.3,15:03,34.2
318,Martin Pospisil,2024-25,CGY,L,C,59,4,16,20,+1,76,0.34,3,16,1,4,0,0,0,0,79,5.1,13:50,41.4
319,Alex Newhook,2024-25,MTL,L,C,59,11,9,20,-14,18,0.34,10,16,1,4,0,0,0,2,79,13.9,15:13,42.5
320,Jackson Blake,2024-25,CAR,R,R,59,11,9,20,+3,26,0.34,8,17,3,3,0,0,0,5,95,11.6,12:54,48.3
321,Charlie Coyle,2024-25,BOS,R,C,60,13,7,20,-13,16,0.33,10,17,3,3,0,0,0,1,87,14.9,17:35,49.4
322,Alex Iafallo,2024-25,WPG,L,L,60,8,12,20,+14,15,0.33,4,12,4,8,0,0,0,0,79,10.1,12:40,46.7
323,Eetu Luostarinen,2024-25,FLA,L,C,60,8,12,20,+11,20,0.33,7,18,0,0,1,2,0,2,66,12.1,15:17,43.4
324,Viktor Arvidsson,2024-25,EDM,R,L,44,7,12,19,+6,16,0.43,7,17,0,2,0,0,0,0,100,7.0,14:46,31.6
325,Brandon Saad,2024-25,"STL, VGK",L,L,50,9,10,19,-15,6,0.38,9,16,0,3,0,0,0,1,88,10.2,14:42,23.1
326,Marcus Johansson,2024-25,MIN,L,L,51,5,14,19,-1,4,0.37,5,17,0,2,0,0,0,1,82,6.1,16:02,20.0
327,Zach Benson,2024-25,BUF,L,L,51,9,10,19,-2,40,0.37,7,16,2,3,0,0,0,0,76,11.8,14:40,17.7
328,Mackie Samoskevich,2024-25,FLA,R,R,52,10,9,19,+2,8,0.37,9,16,1,3,0,0,0,4,81,12.4,11:58,--
329,Mavrik Bourque,2024-25,DAL,R,C,53,9,10,19,+3,4,0.36,8,17,1,2,0,0,0,1,56,16.1,12:20,47.6
330,Ryan Lindgren,2024-25,NYR,L,D,54,2,17,19,+1,36,0.35,2,17,0,0,0,2,0,0,42,4.8,19:56,--
331,Tanner Pearson,2024-25,VGK,L,L,56,9,10,19,+3,4,0.34,8,18,0,0,1,1,0,1,72,12.5,11:56,30.0
332,Niko Mikkola,2024-25,FLA,L,D,56,4,15,19,+13,40,0.34,4,19,0,0,0,0,0,0,85,4.7,20:09,--
333,Rasmus Ristolainen,2024-25,PHI,R,D,57,4,15,19,+5,12,0.33,4,16,0,3,0,0,1,2,82,4.9,20:31,--
334,Lars Eller,2024-25,"PIT, WSH",L,C,58,10,9,19,+2,26,0.33,10,18,0,1,0,0,0,0,73,13.7,13:36,53.3
335,Colton Sissons,2024-25,NSH,R,C,58,7,12,19,-8,20,0.33,7,18,0,1,0,0,0,0,66,10.6,14:25,54.8
336,Ryan McDonagh,2024-25,TBL,L,D,59,2,17,19,+35,14,0.32,1,16,0,0,1,3,0,1,55,3.6,20:39,--
337,Josh Anderson,2024-25,MTL,R,R,59,9,10,19,-8,58,0.32,8,18,0,0,1,1,0,0,83,10.8,14:08,62.2
338,Anthony Beauvillier,2024-25,PIT,L,L,60,12,7,19,0,12,0.32,12,18,0,1,0,0,0,0,112,10.7,12:55,40.0
339,Paul Cotter,2024-25,NJD,L,C,60,13,6,19,-8,45,0.32,13,19,0,0,0,0,0,2,72,18.1,13:31,52.5
340,Drew O'Connor,2024-25,"PIT, VAN",L,L,61,8,11,19,-15,24,0.31,6,16,1,2,1,1,1,2,96,8.3,14:37,41.5
341,Valeri Nichushkin,2024-25,COL,L,R,23,12,6,18,+6,4,0.78,9,15,3,3,0,0,0,0,62,19.4,19:31,50.0
342,William Karlsson,2024-25,VGK,L,C,38,7,11,18,+7,0,0.47,6,15,0,2,1,1,0,3,89,7.9,17:11,58.9
343,Jonas Brodin,2024-25,MIN,L,D,38,4,14,18,+10,12,0.47,4,17,0,0,0,1,0,1,60,6.7,22:42,--
344,Filip Hronek,2024-25,VAN,R,D,38,3,15,18,+6,20,0.47,3,14,0,4,0,0,0,0,52,5.8,23:44,--
345,Andrei Kuzmenko,2024-25,"CGY, PHI",R,L,41,5,13,18,-11,12,0.44,1,10,4,8,0,0,0,3,47,10.6,15:01,100.0
346,Alexander Romanov,2024-25,NYI,L,D,45,4,14,18,+11,20,0.40,4,18,0,0,0,0,0,0,67,6.0,22:52,--
347,Jake Middleton,2024-25,MIN,L,D,49,7,11,18,+13,40,0.37,7,18,0,0,0,0,0,0,71,9.9,21:27,--
348,Mason Appleton,2024-25,WPG,R,C,49,8,10,18,+7,14,0.37,8,18,0,0,0,0,0,2,78,10.3,14:38,44.4
349,Matias Maccelli,2024-25,UTA,L,L,52,8,10,18,-13,8,0.35,8,15,0,3,0,0,0,0,83,9.6,13:55,50.0
350,Nick Jensen,2024-25,OTT,R,D,53,3,15,18,+11,4,0.34,3,18,0,0,0,0,0,0,58,5.2,20:27,--
351,Marcus Pettersson,2024-25,"PIT, VAN",L,D,55,3,15,18,-2,33,0.33,3,17,0,0,0,1,0,1,51,5.9,22:02,--
352,Ridly Greig,2024-25,OTT,L,C,55,9,9,18,-15,41,0.33,4,9,3,6,2,3,0,0,76,11.8,16:26,49.2
353,Jonatan Berggren,2024-25,DET,L,R,57,9,9,18,-8,12,0.32,6,13,3,5,0,0,0,1,69,13.0,12:52,45.5
354,Christian Dvorak,2024-25,MTL,L,C,59,6,12,18,-12,10,0.31,5,16,1,2,0,0,0,0,75,8.0,14:54,56.9
355,Garnet Hathaway,2024-25,PHI,R,R,60,8,10,18,+4,48,0.30,7,17,0,0,1,1,0,1,76,10.5,11:53,38.9
356,Luke Kunin,2024-25,SJS,R,C,60,11,7,18,-22,40,0.30,11,18,0,0,0,0,0,0,89,12.4,15:11,47.0
357,Philip Tomasino,2024-25,"NSH, PIT",R,R,43,9,8,17,-5,4,0.40,6,10,3,7,0,0,0,5,69,13.0,12:50,41.7
358,Jiri Kulich,2024-25,BUF,L,C,43,11,6,17,+2,12,0.40,11,17,0,0,0,0,1,3,93,11.8,14:23,45.8
359,Emil Heineman,2024-25,MTL,L,L,44,10,7,17,+1,16,0.39,7,13,3,4,0,0,0,0,49,20.4,11:17,0.0
360,Ryan Hartman,2024-25,MIN,R,R,48,7,10,17,-8,60,0.35,6,14,1,3,0,0,0,0,108,6.5,14:45,47.0
361,Ryan Pulock,2024-25,NYI,R,D,52,3,14,17,+4,10,0.33,3,15,0,1,0,1,0,0,75,4.0,21:40,--
362,Chris Tanev,2024-25,TOR,R,D,57,2,15,17,+26,18,0.30,2,16,0,0,0,1,0,0,30,6.7,19:48,--
363,Brandon Tanev,2024-25,SEA,L,L,58,9,8,17,-11,8,0.29,9,17,0,0,0,0,0,0,84,10.7,14:02,25.0
364,Teddy Blueger,2024-25,VAN,L,C,59,5,12,17,-8,23,0.29,5,17,0,0,0,0,0,0,65,7.7,14:24,49.9
365,Jack McBain,2024-25,UTA,L,C,60,11,6,17,+2,61,0.28,11,17,0,0,0,0,0,1,62,17.7,13:20,50.8
366,Joel Kiviranta,2024-25,COL,L,L,61,11,6,17,+8,14,0.28,11,17,0,0,0,0,0,2,64,17.2,12:43,45.2
367,Cody Ceci,2024-25,"SJS, DAL",R,D,62,4,13,17,-9,18,0.27,4,17,0,0,0,0,0,2,66,6.1,21:37,--
368,Trevor Zegras,2024-25,ANA,L,C,34,7,9,16,-7,12,0.47,6,15,1,1,0,0,0,1,70,10.0,17:03,37.1
369,Yanni Gourde,2024-25,SEA,L,C,35,6,10,16,-5,36,0.46,6,16,0,0,0,0,0,1,38,15.8,15:34,49.9
370,Kevin Hayes,2024-25,PIT,L,R,44,9,7,16,-12,6,0.36,5,10,4,6,0,0,0,1,72,12.5,12:13,52.2
371,Robby Fabbri,2024-25,ANA,L,C,44,8,8,16,-6,20,0.36,8,16,0,0,0,0,0,0,65,12.3,16:12,45.5
372,Nikolai Kovalenko,2024-25,"COL, SJS",L,R,45,5,11,16,-8,12,0.36,3,13,2,3,0,0,0,0,40,12.5,12:04,0.0
373,Connor Murphy,2024-25,CHI,R,D,46,1,15,16,-4,40,0.35,1,16,0,0,0,0,0,0,51,2.0,20:46,--
374,Luke Evangelista,2024-25,NSH,R,R,46,5,11,16,-6,18,0.35,4,13,1,3,0,0,0,0,83,6.0,12:54,0.0
375,Jake McCabe,2024-25,TOR,L,D,50,2,14,16,+21,38,0.32,2,16,0,0,0,0,0,0,57,3.5,21:27,--
376,Lukas Reichel,2024-25,CHI,L,L,50,5,11,16,-7,10,0.32,5,15,0,1,0,0,0,0,56,8.9,12:11,38.9
377,Erik Gustafsson,2024-25,DET,L,D,51,2,14,16,-17,20,0.31,1,7,1,9,0,0,0,0,58,3.5,16:07,--
378,Nicholas Robertson,2024-25,TOR,L,L,51,11,5,16,-3,6,0.31,9,14,2,2,0,0,0,1,83,13.3,12:06,40.0
379,Jason Dickinson,2024-25,CHI,L,C,53,7,9,16,-7,14,0.30,7,16,0,0,0,0,0,0,52,13.5,15:56,49.0
380,Erik Cernak,2024-25,TBL,R,D,53,3,13,16,+25,31,0.30,3,14,0,0,0,2,0,0,47,6.4,18:32,--
381,Mikey Anderson,2024-25,LAK,L,D,53,6,10,16,+7,18,0.30,6,16,0,0,0,0,0,0,63,9.5,22:43,--
382,Mitchell Chaffee,2024-25,TBL,R,R,55,11,5,16,-2,19,0.29,7,12,4,4,0,0,0,2,54,20.4,12:18,40.0
383,Michael Rasmussen,2024-25,DET,L,C,56,9,7,16,-5,15,0.29,7,13,2,3,0,0,0,0,76,11.8,13:17,48.9
384,Peyton Krebs,2024-25,BUF,L,C,56,4,12,16,-6,35,0.29,4,16,0,0,0,0,0,0,53,7.6,13:40,51.4
385,Adam Henrique,2024-25,EDM,L,C,58,7,9,16,+3,12,0.28,7,15,0,1,0,0,0,2,77,9.1,14:24,54.7
386,Mattias Janmark,2024-25,EDM,L,C,58,2,14,16,-6,14,0.28,2,14,0,0,0,2,0,0,36,5.6,13:02,41.9
387,Alexander Kerfoot,2024-25,UTA,L,C,60,7,9,16,-11,10,0.27,6,14,0,1,1,1,0,0,74,9.5,15:16,50.4
388,Trevor van Riemsdyk,2024-25,WSH,R,D,60,0,16,16,+19,12,0.27,0,16,0,0,0,0,0,0,61,0.0,17:26,--
389,Adam Pelech,2024-25,NYI,L,D,39,0,15,15,+4,16,0.38,0,15,0,0,0,0,0,0,76,0.0,21:28,--
390,Ryan Poehling,2024-25,PHI,L,C,46,4,11,15,-1,12,0.33,4,15,0,0,0,0,0,0,44,9.1,13:13,51.3
391,Brett Leason,2024-25,ANA,R,R,49,5,10,15,0,18,0.31,4,13,1,2,0,0,0,0,70,7.1,13:25,29.0
392,Kevin Bahl,2024-25,CGY,L,D,50,2,13,15,+1,31,0.30,1,14,1,1,0,0,0,0,51,3.9,21:19,--
393,Nick Bjugstad,2024-25,UTA,R,C,52,5,10,15,-9,12,0.29,4,14,1,1,0,0,0,0,94,5.3,12:43,47.7
394,Trent Frederic,2024-25,BOS,L,C,57,8,7,15,-14,44,0.26,7,12,1,3,0,0,0,0,76,10.5,13:50,43.9
395,Uvis Balinskis,2024-25,FLA,L,D,58,4,11,15,0,21,0.26,4,11,0,4,0,0,0,0,74,5.4,14:51,0.0
396,Sam Carrick,2024-25,NYR,R,C,59,5,10,15,+1,43,0.25,4,13,0,0,1,2,1,2,58,8.6,11:22,53.7
397,Nate Schmidt,2024-25,FLA,L,D,59,5,10,15,+3,17,0.25,5,12,0,3,0,0,0,0,48,10.4,16:15,--
398,Adam Larsson,2024-25,SEA,R,D,60,3,12,15,+6,21,0.25,3,15,0,0,0,0,0,1,75,4.0,21:03,--
399,Brandon Duhaime,2024-25,WSH,L,R,60,7,8,15,+4,47,0.25,7,15,0,0,0,0,0,1,67,10.5,13:35,48.6
400,Martin Fehervary,2024-25,WSH,L,D,60,2,13,15,+11,21,0.25,2,14,0,0,0,1,0,0,56,3.6,18:59,--
401,A.J. Greer,2024-25,FLA,L,L,61,5,10,15,+2,89,0.25,4,14,0,0,1,1,0,2,64,7.8,9:42,32.4
402,Logan O'Connor,2024-25,COL,R,R,61,7,8,15,-7,19,0.25,7,14,0,0,0,1,0,0,71,9.9,14:36,38.8
403,Yegor Chinakhov,2024-25,CBJ,L,R,21,7,7,14,+2,2,0.67,5,9,2,5,0,0,0,1,55,12.7,17:01,--
404,Frank Nazar,2024-25,CHI,R,C,30,4,10,14,-6,10,0.47,4,13,0,1,0,0,0,1,46,8.7,14:56,43.4
405,Craig Smith,2024-25,CHI,R,C,37,8,6,14,-9,28,0.38,6,12,2,2,0,0,0,1,71,11.3,11:38,35.0
406,Egor Zamula,2024-25,PHI,L,D,42,3,11,14,-10,2,0.33,3,14,0,0,0,0,0,1,25,12.0,16:54,--
407,Olen Zellweger,2024-25,ANA,L,D,43,5,9,14,+4,12,0.33,4,9,1,5,0,0,0,0,88,5.7,18:50,--
408,Kaiden Guhle,2024-25,MTL,L,D,44,4,10,14,+2,27,0.32,4,14,0,0,0,0,0,0,58,6.9,21:14,--
409,Oskar Sundqvist,2024-25,STL,R,C,46,5,9,14,-3,28,0.30,2,10,3,4,0,0,0,0,39,12.8,12:58,45.0
410,Dante Fabbro,2024-25,"NSH, CBJ",R,D,46,4,10,14,+14,26,0.30,4,14,0,0,0,0,0,1,56,7.1,20:34,--
411,Michael Amadio,2024-25,OTT,R,R,48,5,9,14,+4,16,0.29,4,13,1,1,0,0,0,0,53,9.4,14:07,52.4
412,Cody Glass,2024-25,PIT,R,C,48,3,11,14,-7,12,0.29,2,12,1,2,0,0,0,1,70,4.3,13:21,53.1
413,Joel Edmundson,2024-25,LAK,L,D,53,5,9,14,+18,16,0.26,5,13,0,1,0,0,0,1,65,7.7,20:45,--
414,Nick Perbix,2024-25,TBL,R,D,53,4,10,14,+5,18,0.26,4,14,0,0,0,0,0,1,51,7.8,15:03,--
415,K'Andre Miller,2024-25,NYR,L,D,53,4,10,14,-5,10,0.26,4,12,0,2,0,0,0,1,82,4.9,21:46,--
416,Tomas Tatar,2024-25,NJD,L,L,54,6,8,14,+3,14,0.26,5,11,1,3,0,0,0,0,52,11.5,10:40,45.5
417,Nick Seeler,2024-25,PHI,L,D,55,3,11,14,+6,26,0.25,3,14,0,0,0,0,0,1,57,5.3,16:34,--
418,Olli Määttä,2024-25,"DET, UTA",L,D,57,2,12,14,+8,14,0.25,2,14,0,0,0,0,0,0,52,3.9,20:07,--
419,Brian Dumoulin,2024-25,ANA,L,D,58,1,13,14,+2,10,0.24,1,14,0,0,0,0,0,0,55,1.8,19:51,--
420,Steven Lorentz,2024-25,TOR,L,C,59,5,9,14,+4,4,0.24,5,14,0,0,0,0,0,2,52,9.6,10:26,39.3
421,Braden Schneider,2024-25,NYR,R,D,59,3,11,14,+5,10,0.24,3,13,0,0,0,1,0,0,77,3.9,17:24,--
422,Dylan DeMelo,2024-25,WPG,R,D,60,3,11,14,+25,32,0.23,3,14,0,0,0,0,0,2,54,5.6,21:32,--
423,Nikita Zadorov,2024-25,BOS,L,D,60,3,11,14,+14,117,0.23,3,13,0,0,0,1,0,0,80,3.8,20:26,--
424,Parker Kelly,2024-25,COL,L,C,61,5,9,14,-8,23,0.23,4,12,0,0,1,2,0,0,69,7.3,12:55,42.7
425,Max Pacioretty,2024-25,TOR,L,L,37,5,8,13,-2,16,0.35,5,13,0,0,0,0,0,1,70,7.1,13:30,54.6
426,Dylan Samberg,2024-25,WPG,L,D,39,4,9,13,+24,22,0.33,4,13,0,0,0,0,0,1,57,7.0,21:14,--
427,Michael Carcone,2024-25,UTA,L,L,41,5,8,13,-7,29,0.32,5,11,0,2,0,0,0,0,64,7.8,11:39,57.1
428,Blake Lizotte,2024-25,PIT,L,C,42,9,4,13,-2,22,0.31,7,11,1,1,1,1,0,0,40,22.5,11:55,49.8
429,Josh Manson,2024-25,COL,R,D,43,1,12,13,-9,26,0.30,1,11,0,1,0,1,0,0,57,1.8,18:12,--
430,Zachary L'Heureux,2024-25,NSH,L,L,45,4,9,13,-6,52,0.29,4,12,0,1,0,0,0,0,56,7.1,11:39,0.0
431,Cam York,2024-25,PHI,L,D,46,4,9,13,0,22,0.28,4,13,0,0,0,0,0,1,54,7.4,21:20,--
432,Nick Cousins,2024-25,OTT,L,C,47,5,8,13,-2,39,0.28,5,13,0,0,0,0,0,0,63,7.9,11:54,14.3
433,Pontus Holmberg,2024-25,TOR,L,R,47,6,7,13,-1,25,0.28,5,11,0,1,1,1,0,0,48,12.5,13:14,48.3
434,Jamie Drysdale,2024-25,PHI,R,D,48,2,11,13,-19,12,0.27,0,6,2,7,0,0,0,0,41,4.9,19:27,--
435,Colin Blackwell,2024-25,DAL,R,C,50,5,8,13,+2,10,0.26,4,11,0,1,1,1,0,0,55,9.1,11:32,49.8
436,Mark Kastelic,2024-25,BOS,R,C,51,4,9,13,-1,86,0.25,4,13,0,0,0,0,0,0,58,6.9,10:50,55.8
437,Patrick Maroon,2024-25,CHI,L,L,53,3,10,13,-11,71,0.25,3,13,0,0,0,0,0,1,58,5.2,11:34,50.9
438,Oskar Bäck,2024-25,DAL,L,C,53,3,10,13,+4,6,0.25,3,12,0,0,0,1,0,0,30,10.0,11:49,55.6
439,Yakov Trenin,2024-25,MIN,L,C,54,6,7,13,+2,29,0.24,4,11,0,0,2,2,0,2,59,10.2,13:07,32.4
440,Andrew Peeke,2024-25,BOS,R,D,54,1,12,13,-2,8,0.24,0,11,0,0,1,2,0,0,51,2.0,18:03,--
441,Emil Lilleberg,2024-25,TBL,L,D,54,0,13,13,-6,78,0.24,0,12,0,0,0,1,0,0,34,0.0,15:40,--
442,Nils Hoglander,2024-25,VAN,L,L,55,5,8,13,0,28,0.24,5,13,0,0,0,0,0,1,60,8.3,11:35,--
443,Radko Gudas,2024-25,ANA,R,D,57,1,12,13,+4,66,0.23,1,13,0,0,0,0,0,0,67,1.5,19:15,--
444,Zach Aston-Reese,2024-25,CBJ,L,C,58,4,9,13,-11,23,0.22,4,13,0,0,0,0,0,1,74,5.4,13:29,25.0
445,Brayden McNabb,2024-25,VGK,L,D,59,4,9,13,+30,22,0.22,3,11,0,0,1,2,0,0,73,5.5,20:21,--
446,Sean Kuraly,2024-25,CBJ,L,C,59,5,8,13,+1,22,0.22,5,13,0,0,0,0,0,0,56,8.9,11:22,52.5
447,Lawson Crouse,2024-25,UTA,L,L,59,9,4,13,-8,28,0.22,8,12,1,1,0,0,0,2,94,9.6,14:13,38.5
448,Jalen Chatfield,2024-25,CAR,R,D,59,5,8,13,+18,26,0.22,5,12,0,0,0,1,0,1,86,5.8,18:57,--
449,Ian Cole,2024-25,UTA,L,D,60,1,12,13,-7,51,0.22,1,13,0,0,0,0,0,0,54,1.9,20:40,--
450,Jamie Oleksiak,2024-25,SEA,L,D,60,4,9,13,-9,14,0.22,4,13,0,0,0,0,0,1,54,7.4,19:01,--
451,Kevin Stenlund,2024-25,UTA,R,C,60,7,6,13,-14,26,0.22,6,12,0,0,1,1,0,0,72,9.7,14:19,58.9
452,Johnathan Kovacevic,2024-25,NJD,R,D,60,1,12,13,+11,47,0.22,1,13,0,0,0,0,0,1,56,1.8,19:39,--
453,Jakob Pelletier,2024-25,"CGY, PHI",L,L,27,4,8,12,+10,6,0.44,4,12,0,0,0,0,0,1,35,11.4,12:31,33.3
454,Kevin Labanc,2024-25,CBJ,R,R,34,2,10,12,+1,12,0.35,2,12,0,0,0,0,0,0,35,5.7,10:30,0.0
455,Justin Danforth,2024-25,CBJ,R,R,38,5,7,12,-8,10,0.32,4,10,0,1,1,1,0,0,63,7.9,14:34,48.8
456,Nico Sturm,2024-25,SJS,L,C,44,6,6,12,-5,13,0.27,5,11,0,0,1,1,0,1,34,17.7,10:02,63.6
457,Pavel Mintyukov,2024-25,ANA,L,D,46,4,8,12,-10,16,0.26,4,9,0,3,0,0,0,0,53,7.6,18:43,--
458,Conor Geekie,2024-25,TBL,L,C,49,6,6,12,-3,14,0.24,5,10,1,2,0,0,0,2,54,11.1,12:09,42.0
459,Jack Drury,2024-25,"CAR, COL",L,C,51,6,6,12,-2,14,0.24,6,11,0,1,0,0,0,2,79,7.6,13:01,57.1
460,Cole Koepke,2024-25,BOS,L,L,51,7,5,12,+7,8,0.24,7,12,0,0,0,0,0,1,53,13.2,10:28,0.0
461,David Savard,2024-25,MTL,R,D,53,1,11,12,-7,26,0.23,1,12,0,0,0,0,0,0,37,2.7,17:46,--
462,Isac Lundestrom,2024-25,ANA,L,C,55,4,8,12,0,6,0.22,4,11,0,1,0,0,0,1,44,9.1,14:00,46.7
463,Jacob Trouba,2024-25,"NYR, ANA",R,D,57,0,12,12,-2,47,0.21,0,12,0,0,0,0,0,0,85,0.0,20:24,--
464,Zach Bogosian,2024-25,MIN,R,D,59,4,8,12,0,33,0.20,4,12,0,0,0,0,0,0,61,6.6,16:34,--
465,Brenden Dillon,2024-25,NJD,L,D,60,2,10,12,+14,58,0.20,2,12,0,0,0,0,0,0,32,6.3,18:23,--
466,Jordan Eberle,2024-25,SEA,R,R,20,6,5,11,0,6,0.55,5,9,1,2,0,0,1,1,31,19.4,15:37,40.0
467,Jakub Vrana,2024-25,WSH,L,L,26,7,4,11,+6,6,0.42,4,8,3,3,0,0,0,3,28,25.0,9:50,28.6
468,Jonny Brodzinski,2024-25,NYR,R,C,28,6,5,11,+8,4,0.39,6,11,0,0,0,0,0,1,31,19.4,10:46,48.9
469,Josh Doan,2024-25,UTA,R,R,29,4,7,11,-3,6,0.38,2,9,2,2,0,0,0,0,50,8.0,13:55,37.1
470,Matthew Poitras,2024-25,BOS,R,C,29,1,10,11,-3,6,0.38,1,11,0,0,0,0,0,1,26,3.9,12:59,47.2
471,Juuso Parssinen,2024-25,"NSH, COL",L,C,37,4,7,11,-6,8,0.30,4,10,0,1,0,0,0,0,26,15.4,10:46,50.4
472,Kasperi Kapanen,2024-25,"STL, EDM",R,R,45,6,5,11,-15,10,0.24,6,11,0,0,0,0,0,2,48,12.5,11:28,12.5
473,Erik Haula,2024-25,NJD,L,L,48,5,6,11,-10,31,0.23,4,8,1,3,0,0,0,0,79,6.3,14:29,53.8
474,Radek Faksa,2024-25,STL,L,C,48,3,8,11,-7,24,0.23,3,11,0,0,0,0,0,1,42,7.1,13:04,56.4
475,Alexander Holtz,2024-25,VGK,R,R,49,3,8,11,-3,8,0.22,3,10,0,1,0,0,0,0,62,4.8,11:31,25.0
476,Brett Pesce,2024-25,NJD,R,D,51,1,10,11,-6,15,0.22,0,10,0,0,1,1,0,0,65,1.5,20:48,--
477,Declan Chisholm,2024-25,MIN,L,D,51,2,9,11,-6,6,0.22,1,9,1,2,0,0,0,1,55,3.6,17:14,--
478,Ilya Lyubushkin,2024-25,DAL,R,D,57,0,11,11,+13,20,0.19,0,11,0,0,0,0,0,0,34,0.0,17:04,--
479,Casey Cizikas,2024-25,NYI,L,C,59,5,6,11,-13,38,0.19,5,10,0,1,0,0,0,1,64,7.8,12:43,55.1
480,Sean Walker,2024-25,CAR,R,D,59,2,9,11,-2,34,0.19,2,11,0,0,0,0,0,0,97,2.1,16:15,--
481,Ryan Suter,2024-25,STL,L,D,60,1,10,11,+2,20,0.18,1,11,0,0,0,0,0,0,44,2.3,20:21,--
482,Mario Ferraro,2024-25,SJS,L,D,60,5,6,11,-23,32,0.18,5,11,0,0,0,0,0,1,57,8.8,20:52,--
483,Dmitry Kulikov,2024-25,FLA,L,D,61,3,8,11,+11,34,0.18,3,10,0,1,0,0,0,0,58,5.2,19:43,--
484,J.J. Moser,2024-25,TBL,L,D,31,2,8,10,+14,12,0.32,1,8,0,1,1,1,0,0,30,6.7,19:52,--
485,Urho Vaakanainen,2024-25,"ANA, NYR",L,D,32,2,8,10,-1,14,0.31,2,10,0,0,0,0,0,0,23,8.7,15:26,--
486,Dennis Cholowski,2024-25,NYI,L,D,33,3,7,10,+1,10,0.30,3,8,0,2,0,0,0,0,26,11.5,12:48,--
487,Philipp Kurashev,2024-25,CHI,L,C,42,6,4,10,-29,14,0.24,5,9,1,1,0,0,1,1,48,12.5,14:19,47.0
488,Colin Miller,2024-25,WPG,R,D,43,2,8,10,+11,30,0.23,2,10,0,0,0,0,0,0,46,4.4,13:50,--
489,Cole Smith,2024-25,NSH,L,R,48,4,6,10,-7,53,0.21,4,9,0,0,0,1,0,0,42,9.5,13:08,50.0
490,Nathan Walker,2024-25,STL,L,L,51,6,4,10,-5,36,0.20,6,9,0,0,0,1,0,0,44,13.6,11:46,55.4
491,Henry Thrun,2024-25,SJS,L,D,51,1,9,10,-16,28,0.20,1,10,0,0,0,0,0,0,44,2.3,16:59,--
492,Zach Whitecloud,2024-25,VGK,R,D,52,4,6,10,+2,18,0.19,4,10,0,0,0,0,0,0,52,7.7,16:27,--
493,Joe Veleno,2024-25,DET,L,C,54,5,5,10,-12,13,0.19,5,10,0,0,0,0,0,0,48,10.4,11:53,48.3
494,Michael Eyssimont,2024-25,TBL,L,C,55,5,5,10,0,44,0.18,5,10,0,0,0,0,0,1,96,5.2,10:47,12.5
495,Ty Emberson,2024-25,EDM,R,D,57,0,10,10,+1,18,0.18,0,9,0,0,0,1,0,0,49,0.0,14:57,--
496,Jesse Puljujarvi,2024-25,PIT,R,R,26,3,6,9,-1,10,0.35,3,8,0,1,0,0,0,0,38,7.9,11:36,0.0
497,Adam Boqvist,2024-25,"FLA, NYI",R,D,26,3,6,9,-4,8,0.35,3,5,0,4,0,0,0,0,35,8.6,13:53,--
498,Alexandre Texier,2024-25,STL,L,C,27,4,5,9,-3,8,0.33,4,8,0,1,0,0,0,0,45,8.9,12:35,0.0
499,Anthony Duclair,2024-25,NYI,L,L,30,5,4,9,-10,8,0.30,4,8,1,1,0,0,0,0,43,11.6,15:09,0.0
500,Fedor Svechkov,2024-25,NSH,L,C,30,6,3,9,-10,4,0.30,4,6,2,3,0,0,0,1,39,15.4,11:58,36.5
501,Alec Martinez,2024-25,CHI,L,D,32,4,5,9,-11,4,0.28,4,8,0,1,0,0,0,0,33,12.1,19:59,--
502,Scott Perunovich,2024-25,"STL, NYI",L,D,33,2,7,9,-2,10,0.27,2,9,0,0,0,0,0,0,18,11.1,15:52,--
503,Gage Goncalves,2024-25,TBL,L,C,37,2,7,9,+5,4,0.24,2,8,0,1,0,0,0,1,36,5.6,12:20,0.0
504,Mattias Samuelsson,2024-25,BUF,L,D,38,3,6,9,0,8,0.24,3,9,0,0,0,0,0,0,39,7.7,18:37,--
505,William Carrier,2024-25,CAR,L,L,39,4,5,9,+2,16,0.23,4,9,0,0,0,0,0,1,42,9.5,11:37,45.5
506,Mathieu Joseph,2024-25,STL,L,R,41,3,6,9,-7,14,0.22,3,9,0,0,0,0,0,0,50,6.0,11:57,56.4
507,Logan Stanley,2024-25,WPG,L,D,46,1,8,9,+10,67,0.20,1,9,0,0,0,0,0,0,38,2.6,15:43,--
508,Timothy Liljegren,2024-25,"TOR, SJS",R,D,46,4,5,9,-17,28,0.20,3,7,1,2,0,0,0,0,69,5.8,18:02,--
509,David Kampf,2024-25,TOR,L,C,46,4,5,9,-1,12,0.20,3,7,0,0,1,2,0,0,40,10.0,12:32,51.7
510,Nicolas Hague,2024-25,VGK,L,D,48,4,5,9,-6,35,0.19,4,9,0,0,0,0,0,1,57,7.0,16:10,--
511,Tomas Nosek,2024-25,FLA,L,L,49,1,8,9,+7,8,0.18,0,7,1,1,0,1,0,0,36,2.8,9:36,51.2
512,Adam Edstrom,2024-25,NYR,L,C,51,5,4,9,-5,27,0.18,5,9,0,0,0,0,0,2,40,12.5,9:16,0.0
513,TJ Brodie,2024-25,CHI,L,D,53,2,7,9,-20,18,0.17,2,9,0,0,0,0,0,0,23,8.7,15:44,--
514,Beck Malenstyn,2024-25,BUF,L,L,53,4,5,9,-9,21,0.17,4,9,0,0,0,0,0,0,45,8.9,10:19,68.0
515,Tanner Jeannot,2024-25,LAK,L,L,54,5,4,9,0,78,0.17,5,9,0,0,0,0,0,1,42,11.9,11:22,40.0
516,Jonas Siegenthaler,2024-25,NJD,L,D,55,2,7,9,+9,44,0.16,2,9,0,0,0,0,0,0,52,3.9,19:36,--
517,Carson Soucy,2024-25,VAN,L,D,57,2,7,9,-15,42,0.16,2,9,0,0,0,0,0,1,61,3.3,18:27,--
518,Ben Chiarot,2024-25,DET,L,D,58,3,6,9,-7,45,0.16,3,8,0,1,0,0,0,0,82,3.7,21:24,--
519,Alexey Toropchenko,2024-25,STL,L,R,58,1,8,9,-2,19,0.16,1,9,0,0,0,0,0,0,53,1.9,12:28,44.4
520,John Beecher,2024-25,BOS,L,C,58,3,6,9,-7,16,0.16,3,9,0,0,0,0,0,0,34,8.8,11:11,54.3
521,Brandon Carlo,2024-25,BOS,R,D,59,1,8,9,+2,22,0.15,1,9,0,0,0,0,0,0,60,1.7,18:41,--
522,Noel Acciari,2024-25,PIT,R,C,61,4,5,9,-20,12,0.15,4,8,0,0,0,1,0,0,62,6.5,13:27,52.9
523,Luca Del Bel Belluz,2024-25,CBJ,L,C,15,2,6,8,+2,0,0.53,2,7,0,1,0,0,0,0,18,11.1,13:45,43.1
524,Justin Kirkland,2024-25,CGY,L,C,21,2,6,8,+6,11,0.38,2,8,0,0,0,0,0,0,9,22.2,9:42,42.9
525,Jordan Greenway,2024-25,BUF,L,L,23,3,5,8,0,15,0.35,3,8,0,0,0,0,0,0,30,10.0,15:52,15.0
526,Brock McGinn,2024-25,ANA,L,L,26,4,4,8,+1,0,0.31,4,8,0,0,0,0,0,0,30,13.3,11:43,12.5
527,Hendrix Lapierre,2024-25,WSH,L,C,27,0,8,8,-3,4,0.30,0,8,0,0,0,0,0,0,18,0.0,9:48,39.6
528,Erik Brannstrom,2024-25,VAN,L,D,28,3,5,8,-4,17,0.29,3,7,0,1,0,0,0,1,33,9.1,14:56,--
529,Zac Jones,2024-25,NYR,L,D,29,1,7,8,+1,10,0.28,1,7,0,1,0,0,0,0,27,3.7,16:30,--
530,Jayden Struble,2024-25,MTL,L,D,33,2,6,8,-7,42,0.24,2,8,0,0,0,0,0,0,31,6.5,14:38,--
531,Artem Zub,2024-25,OTT,R,D,33,2,6,8,-7,20,0.24,2,5,0,1,0,2,0,1,39,5.1,20:07,--
532,Cam Atkinson,2024-25,TBL,R,R,36,3,5,8,-3,11,0.22,2,7,1,1,0,0,0,0,38,7.9,8:49,33.3
533,Nick Blankenburg,2024-25,NSH,R,D,37,3,5,8,+10,12,0.22,3,8,0,0,0,0,1,2,53,5.7,18:34,--
534,Mark Jankowski,2024-25,NSH,L,L,39,3,5,8,0,15,0.21,3,8,0,0,0,0,0,0,38,7.9,12:37,50.9
535,Justin Barron,2024-25,"MTL, NSH",R,D,40,4,4,8,-12,14,0.20,4,7,0,1,0,0,0,0,40,10.0,16:06,--
536,Ivan Ivan,2024-25,COL,L,C,40,5,3,8,-9,8,0.20,3,5,2,3,0,0,0,0,34,14.7,10:02,40.9
537,Pierre Engvall,2024-25,NYI,L,L,41,4,4,8,-7,12,0.20,4,8,0,0,0,0,0,1,42,9.5,11:05,25.0
538,Nathan Bastian,2024-25,NJD,R,R,42,3,5,8,+1,29,0.19,1,6,1,1,1,1,0,1,36,8.3,10:46,35.0
539,Nolan Allan,2024-25,CHI,L,D,43,1,7,8,-13,16,0.19,1,8,0,0,0,0,0,0,17,5.9,15:08,--
540,Trevor Lewis,2024-25,LAK,R,C,45,4,4,8,-3,18,0.18,4,8,0,0,0,0,0,1,39,10.3,10:19,48.3
541,Connor Clifton,2024-25,BUF,R,D,48,0,8,8,+1,31,0.17,0,8,0,0,0,0,0,0,37,0.0,15:09,--
542,Michael McCarron,2024-25,NSH,R,C,51,3,5,8,-16,68,0.16,3,8,0,0,0,0,0,0,52,5.8,13:13,54.2
543,Jan Rutta,2024-25,SJS,R,D,51,2,6,8,-6,28,0.16,2,8,0,0,0,0,0,0,51,3.9,16:57,--
544,Morgan Barron,2024-25,WPG,L,C,52,5,3,8,+5,14,0.15,3,6,0,0,2,2,0,0,60,8.3,10:27,58.3
545,Rasmus Kupari,2024-25,WPG,R,C,56,5,3,8,0,16,0.14,5,8,0,0,0,0,0,1,49,10.2,10:26,52.9
546,Jake Christiansen,2024-25,CBJ,L,D,59,1,7,8,+6,11,0.14,1,8,0,0,0,0,0,0,53,1.9,12:49,--
547,Kyle MacLean,2024-25,NYI,L,C,59,3,5,8,-12,10,0.14,3,8,0,0,0,0,0,0,45,6.7,9:43,47.3
548,Will Borgen,2024-25,"SEA, NYR",R,D,61,3,5,8,-13,17,0.13,3,8,0,0,0,0,0,0,57,5.3,16:49,--
549,Anthony Mantha,2024-25,CGY,L,R,13,4,3,7,+6,11,0.54,2,5,1,1,1,1,0,1,15,26.7,13:54,33.3
550,Hampus Lindholm,2024-25,BOS,L,D,17,3,4,7,-4,4,0.41,3,6,0,1,0,0,0,1,35,8.6,20:51,--
551,Brett Berard,2024-25,NYR,L,L,19,3,4,7,-9,8,0.37,3,7,0,0,0,0,0,1,32,9.4,11:20,50.0
552,Drew Helleson,2024-25,ANA,R,D,32,2,5,7,0,27,0.22,2,7,0,0,0,0,0,0,34,5.9,16:05,--
553,Daniil Miromanov,2024-25,CGY,R,D,36,1,6,7,+3,10,0.19,1,7,0,0,0,0,0,1,44,2.3,18:31,--
554,Cole Schwindt,2024-25,VGK,R,R,38,0,7,7,+2,0,0.18,0,7,0,0,0,0,0,0,30,0.0,9:21,50.3
555,Carl Grundstrom,2024-25,SJS,L,R,39,2,5,7,-12,16,0.18,2,7,0,0,0,0,0,0,56,3.6,9:12,40.0
556,Jake Bean,2024-25,CGY,L,D,42,2,5,7,-2,8,0.17,2,7,0,0,0,0,0,0,50,4.0,15:53,--
557,Christian Fischer,2024-25,DET,R,R,43,1,6,7,-5,11,0.16,1,7,0,0,0,0,0,0,30,3.3,11:19,53.3
558,Calvin de Haan,2024-25,COL,L,D,44,0,7,7,-8,10,0.16,0,7,0,0,0,0,0,0,48,0.0,14:55,--
559,Mikael Pyyhtia,2024-25,CBJ,L,L,46,4,3,7,-10,6,0.15,3,6,0,0,1,1,0,0,32,12.5,12:06,66.7
560,Josh Mahura,2024-25,SEA,L,D,48,0,7,7,+5,14,0.15,0,7,0,0,0,0,0,0,49,0.0,13:34,--
561,Conor Timmins,2024-25,TOR,R,D,48,1,6,7,0,24,0.15,1,7,0,0,0,0,0,0,49,2.0,16:19,--
562,Tye Kartye,2024-25,SEA,L,L,49,3,4,7,-16,34,0.14,3,7,0,0,0,0,0,0,42,7.1,9:48,23.1
563,Scott Mayfield,2024-25,NYI,R,D,51,2,5,7,+13,25,0.14,2,7,0,0,0,0,0,0,40,5.0,17:25,--
564,Barclay Goodrow,2024-25,SJS,L,C,55,4,3,7,-28,50,0.13,3,6,0,0,1,1,0,0,56,7.1,13:57,44.0
565,Ryan Lomberg,2024-25,CGY,L,L,57,1,6,7,-2,53,0.12,1,7,0,0,0,0,0,0,51,2.0,8:42,22.2
566,Marat Khusnutdinov,2024-25,MIN,L,C,57,2,5,7,-6,14,0.12,2,6,0,0,0,1,0,0,30,6.7,11:14,43.4
567,Sam Malinski,2024-25,COL,R,D,58,2,5,7,+4,6,0.12,2,7,0,0,0,0,0,0,77,2.6,15:32,--
568,Luke Glendening,2024-25,TBL,R,C,59,4,3,7,-7,10,0.12,3,5,0,0,1,2,0,0,42,9.5,10:50,55.9
569,Anthony DeAngelo,2024-25,NYI,R,D,12,1,5,6,+2,4,0.50,1,6,0,0,0,0,1,1,21,4.8,24:04,--
570,Elmer Soderblom,2024-25,DET,L,L,13,2,4,6,+1,4,0.46,2,6,0,0,0,0,0,1,21,9.5,12:56,33.3
571,Anthony Richard,2024-25,PHI,L,C,15,2,4,6,-3,0,0.40,2,5,0,1,0,0,0,0,19,10.5,12:22,0.0
572,John Marino,2024-25,UTA,R,D,18,0,6,6,+3,0,0.33,0,6,0,0,0,0,0,0,16,0.0,21:21,--
573,Ethen Frank,2024-25,WSH,R,C,19,4,2,6,+6,2,0.32,4,6,0,0,0,0,0,1,19,21.1,10:47,0.0
574,Phillip Di Giuseppe,2024-25,VAN,L,L,20,1,5,6,-2,4,0.30,1,6,0,0,0,0,0,0,23,4.4,11:34,20.0
575,Emil Andrae,2024-25,PHI,L,D,24,1,5,6,+2,14,0.25,1,3,0,3,0,0,0,0,31,3.2,18:59,--
576,Max Sasson,2024-25,VAN,L,C,24,2,4,6,+3,0,0.25,2,6,0,0,0,0,0,0,25,8.0,10:06,41.9
577,Haydn Fleury,2024-25,WPG,L,D,30,0,6,6,-7,4,0.20,0,6,0,0,0,0,0,0,32,0.0,16:36,--
578,Derek Forbort,2024-25,VAN,L,D,33,0,6,6,-7,30,0.18,0,5,0,1,0,0,0,0,25,0.0,17:44,--
579,Jimmy Vesey,2024-25,NYR,L,L,33,4,2,6,-2,0,0.18,4,6,0,0,0,0,0,0,30,13.3,10:40,27.3
580,Jeff Petry,2024-25,DET,R,D,34,1,5,6,-7,12,0.18,1,5,0,1,0,0,0,1,23,4.4,19:11,--
581,Dakota Joshua,2024-25,VAN,L,C,34,3,3,6,-8,22,0.18,2,4,1,2,0,0,0,0,18,16.7,13:08,72.7
582,Jakub Lauko,2024-25,MIN,L,C,36,3,3,6,-5,27,0.17,2,5,0,0,1,1,0,1,28,10.7,10:01,14.3
583,Noah Gregor,2024-25,OTT,L,L,37,4,2,6,-11,17,0.16,3,5,0,0,1,1,0,2,44,9.1,11:39,50.0
584,Albert Johansson,2024-25,DET,L,D,38,1,5,6,-6,12,0.16,1,6,0,0,0,0,0,1,28,3.6,16:05,--
585,Jacob Moverare,2024-25,LAK,L,D,39,1,5,6,+5,8,0.15,1,6,0,0,0,0,0,0,25,4.0,11:49,--
586,Jansen Harkins,2024-25,ANA,L,C,41,2,4,6,-6,16,0.15,2,6,0,0,0,0,0,1,32,6.3,10:52,53.7
587,Henri Jokiharju,2024-25,BUF,R,D,42,3,3,6,+6,12,0.14,3,6,0,0,0,0,0,2,44,6.8,16:18,--
588,Oliver Wahlstrom,2024-25,"NYI, BOS",R,R,43,3,3,6,-6,37,0.14,3,5,0,1,0,0,0,1,54,5.6,10:14,75.0
589,Troy Stecher,2024-25,EDM,R,D,46,3,3,6,-4,27,0.13,3,6,0,0,0,0,0,0,36,8.3,13:51,--
590,Ty Dellandrea,2024-25,SJS,R,C,46,1,5,6,-18,33,0.13,1,6,0,0,0,0,0,0,31,3.2,11:37,52.5
591,Arber Xhekaj,2024-25,MTL,L,D,56,1,5,6,-7,87,0.11,1,6,0,0,0,0,0,0,59,1.7,15:07,--
592,Brayden Pachal,2024-25,CGY,R,D,59,2,4,6,-2,80,0.10,2,5,0,0,0,1,0,0,47,4.3,14:29,--
593,Boone Jenner,2024-25,CBJ,L,C,3,0,5,5,+6,0,1.67,0,5,0,0,0,0,0,0,8,0.0,17:37,55.0
594,Seamus Casey,2024-25,NJD,R,D,10,4,1,5,+5,0,0.50,2,3,2,2,0,0,0,1,9,44.4,11:57,--
595,Colton Dach,2024-25,CHI,L,C,15,2,3,5,+1,4,0.33,2,5,0,0,0,0,0,0,20,10.0,11:21,55.6
596,Vittorio Mancini,2024-25,"NYR, VAN",R,D,16,1,4,5,-3,2,0.31,1,5,0,0,0,0,0,0,20,5.0,15:01,--
597,Lian Bichsel,2024-25,DAL,L,D,18,2,3,5,+6,14,0.28,2,5,0,0,0,0,0,1,15,13.3,15:04,--
598,Vincent Hinostroza,2024-25,"NSH, MIN",R,C,19,3,2,5,-1,6,0.26,1,3,2,2,0,0,0,1,24,12.5,12:32,40.0
599,Daniel Sprong,2024-25,"VAN, SEA",R,R,19,2,3,5,-1,2,0.26,1,4,1,1,0,0,0,1,31,6.5,12:02,0.0
600,Jack Thompson,2024-25,SJS,R,D,20,2,3,5,-7,8,0.25,2,2,0,3,0,0,0,0,26,7.7,16:11,--
601,Jordan Oesterle,2024-25,BOS,L,D,21,0,5,5,+2,2,0.24,0,5,0,0,0,0,0,0,19,0.0,17:34,--
602,Kaedan Korczak,2024-25,VGK,R,D,21,0,5,5,+4,0,0.24,0,5,0,0,0,0,0,0,18,0.0,14:33,--
603,Vladislav Kolyachonok,2024-25,UTA,L,D,23,2,3,5,-7,2,0.22,2,5,0,0,0,0,0,1,12,16.7,12:20,--
604,Marc Del Gaizo,2024-25,NSH,L,D,23,1,4,5,0,17,0.22,1,5,0,0,0,0,0,0,33,3.0,15:51,--
605,Adam Wilsby,2024-25,NSH,L,D,23,1,4,5,+3,6,0.22,1,5,0,0,0,0,0,0,33,3.0,18:06,--
606,Klim Kostin,2024-25,SJS,L,C,27,1,4,5,-4,25,0.19,1,5,0,0,0,0,0,0,19,5.3,10:25,37.5
607,David Gustafsson,2024-25,WPG,L,C,28,1,4,5,+9,7,0.18,1,5,0,0,0,0,0,0,25,4.0,8:57,48.7
608,Derek Ryan,2024-25,EDM,R,C,33,1,4,5,-5,12,0.15,1,5,0,0,0,0,0,0,17,5.9,9:25,60.3
609,Isaiah George,2024-25,NYI,L,D,33,1,4,5,-3,6,0.15,1,5,0,0,0,0,0,1,26,3.9,15:39,--
610,Jack Johnson,2024-25,CBJ,L,D,34,0,5,5,-6,2,0.15,0,5,0,0,0,0,0,0,18,0.0,12:46,--
611,Nils Lundkvist,2024-25,DAL,R,D,39,0,5,5,+4,20,0.13,0,5,0,0,0,0,0,0,52,0.0,15:01,--
612,Mathew Dumba,2024-25,DAL,R,D,40,0,5,5,-3,52,0.13,0,5,0,0,0,0,0,0,30,0.0,15:02,--
613,Sam Lafferty,2024-25,BUF,R,C,40,2,3,5,-6,22,0.13,2,5,0,0,0,0,0,0,29,6.9,9:46,51.1
614,Justin Dowling,2024-25,NJD,L,C,41,2,3,5,-1,4,0.12,2,5,0,0,0,0,0,0,23,8.7,9:50,47.4
615,Juuso Välimäki,2024-25,UTA,L,D,43,2,3,5,-5,14,0.12,2,5,0,0,0,0,0,0,40,5.0,16:33,--
616,Kevin Rooney,2024-25,CGY,L,C,48,4,1,5,-6,14,0.10,4,5,0,0,0,0,0,0,36,11.1,9:26,47.3
617,Justin Holl,2024-25,DET,R,D,51,1,4,5,-8,12,0.10,1,5,0,0,0,0,0,0,22,4.6,14:45,--
618,Luke Schenn,2024-25,NSH,R,D,59,1,4,5,-10,41,0.08,1,5,0,0,0,0,0,0,63,1.6,15:31,--
619,Rory Kerins,2024-25,CGY,L,C,5,0,4,4,+3,0,0.80,0,3,0,1,0,0,0,0,3,0.0,12:14,33.3
620,Logan Mailloux,2024-25,MTL,R,D,7,2,2,4,-5,6,0.57,2,4,0,0,0,0,0,0,10,20.0,16:12,--
621,John Klingberg,2024-25,EDM,R,D,8,1,3,4,+2,4,0.50,1,4,0,0,0,0,0,0,10,10.0,17:08,--
622,Sean Durzi,2024-25,UTA,R,D,8,1,3,4,+4,11,0.50,1,4,0,0,0,0,0,0,13,7.7,20:28,--
623,Drew Doughty,2024-25,LAK,R,D,9,1,3,4,+1,8,0.44,1,3,0,1,0,0,0,0,15,6.7,25:25,--
624,Oliver Kylington,2024-25,COL,L,D,12,1,3,4,-2,4,0.33,1,4,0,0,0,0,0,0,2,50.0,12:49,--
625,Arthur Kaliyev,2024-25,NYR,L,R,13,3,1,4,+2,2,0.31,3,4,0,0,0,0,0,0,20,15.0,11:28,--
626,Nick DeSimone,2024-25,UTA,R,D,14,0,4,4,0,0,0.29,0,4,0,0,0,0,0,0,16,0.0,15:30,--
627,Fraser Minten,2024-25,TOR,L,C,15,2,2,4,-4,0,0.27,2,3,0,1,0,0,0,1,16,12.5,12:14,47.8
628,Marc Gatcomb,2024-25,NYI,R,C,16,3,1,4,-2,9,0.25,3,4,0,0,0,0,0,0,15,20.0,9:09,50.0
629,Collin Graf,2024-25,SJS,R,R,16,1,3,4,-6,2,0.25,1,3,0,1,0,0,0,0,14,7.1,15:01,100.0
630,Juha Jaaska,2024-25,CAR,L,L,17,0,4,4,+3,9,0.24,0,3,0,0,0,1,0,0,11,0.0,8:45,51.6
631,Matthew Highmore,2024-25,OTT,L,C,18,1,3,4,-4,4,0.22,1,4,0,0,0,0,0,1,20,5.0,12:41,33.3
632,Ivan Miroshnichenko,2024-25,WSH,R,L,18,1,3,4,+1,0,0.22,1,3,0,1,0,0,0,0,14,7.1,9:21,--
633,David Perron,2024-25,OTT,R,L,20,1,3,4,-11,2,0.20,0,1,1,3,0,0,0,0,38,2.6,13:16,20.0
634,Tyler Tucker,2024-25,STL,L,D,20,2,2,4,-1,30,0.20,2,4,0,0,0,0,0,0,19,10.5,13:04,--
635,Aatu Raty,2024-25,VAN,L,C,21,2,2,4,-2,8,0.19,2,4,0,0,0,0,0,0,14,14.3,9:30,56.0
636,Denton Mateychuk,2024-25,CBJ,L,D,22,2,2,4,-1,6,0.18,2,4,0,0,0,0,0,0,22,9.1,18:33,--
637,Dennis Gilbert,2024-25,BUF,L,D,23,0,4,4,-3,50,0.17,0,4,0,0,0,0,0,0,5,0.0,10:07,--
638,Louis Crevier,2024-25,CHI,R,D,23,3,1,4,-1,10,0.17,3,4,0,0,0,0,0,0,23,13.0,17:48,--
639,Liam Ohgren,2024-25,MIN,L,L,23,1,3,4,-7,2,0.17,1,3,0,1,0,0,0,1,28,3.6,11:06,--
640,Philippe Myers,2024-25,TOR,R,D,24,1,3,4,-5,4,0.17,1,4,0,0,0,0,0,0,31,3.2,16:25,--
641,Matt Rempe,2024-25,NYR,R,C,24,2,2,4,+5,41,0.17,2,4,0,0,0,0,0,0,16,12.5,7:33,0.0
642,Ryan Shea,2024-25,PIT,L,D,25,2,2,4,-6,6,0.16,2,3,0,1,0,0,0,0,13,15.4,15:52,--
643,Jacob Bernard-Docker,2024-25,OTT,R,D,25,1,3,4,+2,4,0.16,1,4,0,0,0,0,0,0,18,5.6,13:06,--
644,Brendan Smith,2024-25,DAL,L,D,26,0,4,4,-7,31,0.15,0,4,0,0,0,0,0,0,22,0.0,12:26,--
645,Miles Wood,2024-25,COL,L,L,27,2,2,4,-5,44,0.15,2,4,0,0,0,0,0,1,47,4.3,11:24,33.3
646,Jordan Harris,2024-25,CBJ,L,D,29,1,3,4,-5,6,0.14,1,4,0,0,0,0,0,0,13,7.7,11:07,--
647,Joel Hanley,2024-25,CGY,L,D,31,1,3,4,+4,8,0.13,1,4,0,0,0,0,0,1,24,4.2,17:08,--
648,Tyler Motte,2024-25,DET,L,C,32,2,2,4,-12,2,0.13,2,4,0,0,0,0,0,0,37,5.4,11:43,42.9
649,Curtis Lazar,2024-25,NJD,R,C,33,1,3,4,+1,12,0.12,1,4,0,0,0,0,0,0,20,5.0,10:32,51.8
650,Jacob Bryson,2024-25,BUF,L,D,33,0,4,4,-2,10,0.12,0,4,0,0,0,0,0,0,12,0.0,13:57,--
651,Devin Shore,2024-25,MIN,L,C,37,1,3,4,-4,2,0.11,1,4,0,0,0,0,0,0,27,3.7,8:38,41.7
652,Ross Johnston,2024-25,ANA,L,L,39,1,3,4,-2,68,0.10,1,4,0,0,0,0,0,1,9,11.1,8:33,0.0
653,Zack Ostapchuk,2024-25,OTT,L,C,43,1,3,4,-7,26,0.09,1,4,0,0,0,0,0,0,20,5.0,9:20,49.1
654,Jon Merrill,2024-25,MIN,L,D,49,1,3,4,-2,16,0.08,1,4,0,0,0,0,0,0,35,2.9,14:36,--
655,Simon Benoit,2024-25,TOR,L,D,55,0,4,4,+1,37,0.07,0,4,0,0,0,0,0,0,33,0.0,16:26,--
656,Tyler Kleven,2024-25,OTT,L,D,58,2,2,4,-5,23,0.07,2,4,0,0,0,0,0,1,54,3.7,14:19,--
657,Zemgus Girgensons,2024-25,TBL,L,C,59,1,3,4,-5,31,0.07,1,4,0,0,0,0,0,1,66,1.5,11:36,43.6
658,Nikita Chibrikov,2024-25,WPG,L,R,4,2,1,3,+1,0,0.75,2,2,0,1,0,0,0,0,6,33.3,11:24,--
659,Jonathan Lekkerimaki,2024-25,VAN,R,R,11,2,1,3,-6,2,0.27,2,3,0,0,0,0,0,0,16,12.5,13:47,--
660,David Jiricek,2024-25,"CBJ, MIN",R,D,12,1,2,3,0,6,0.25,1,3,0,0,0,0,0,0,9,11.1,12:07,--
661,Tyson Barrie,2024-25,CGY,R,D,13,1,2,3,-7,4,0.23,1,1,0,2,0,0,0,0,19,5.3,15:48,--
662,Maveric Lamoureux,2024-25,UTA,R,D,15,1,2,3,+3,42,0.20,1,3,0,0,0,0,0,0,17,5.9,16:07,--
663,Shakir Mukhamadullin,2024-25,SJS,L,D,16,1,2,3,+2,4,0.19,1,3,0,0,0,0,0,0,14,7.1,15:08,--
664,Andre Lee,2024-25,LAK,L,L,19,1,2,3,-5,11,0.16,1,3,0,0,0,0,0,1,18,5.6,9:10,--
665,Zack MacEwen,2024-25,OTT,R,R,21,2,1,3,0,21,0.14,2,3,0,0,0,0,0,0,26,7.7,7:46,42.9
666,Erik Johnson,2024-25,PHI,R,D,22,1,2,3,-3,11,0.14,1,2,0,0,0,1,0,0,14,7.1,13:18,--
667,Akil Thomas,2024-25,LAK,R,C,22,1,2,3,-3,7,0.14,1,3,0,0,0,0,0,0,19,5.3,9:49,38.9
668,Walker Duehr,2024-25,"CGY, SJS",R,R,24,2,1,3,-11,0,0.13,2,3,0,0,0,0,0,0,15,13.3,8:48,11.1
669,Owen Pickering,2024-25,PIT,L,D,25,1,2,3,-5,6,0.12,1,3,0,0,0,0,0,0,15,6.7,14:49,--
670,Jonah Gadjovich,2024-25,FLA,L,L,26,3,0,3,-5,19,0.12,3,3,0,0,0,0,0,2,26,11.5,8:02,75.0
671,Matthew Kessel,2024-25,STL,R,D,27,0,3,3,-3,10,0.11,0,3,0,0,0,0,0,0,17,0.0,13:05,--
672,Samuel Helenius,2024-25,LAK,L,C,27,1,2,3,-2,14,0.11,1,3,0,0,0,0,0,0,16,6.3,8:37,47.2
673,Mitchell Stephens,2024-25,SEA,R,C,28,1,2,3,-8,6,0.11,1,3,0,0,0,0,0,0,19,5.3,9:14,53.6
674,Connor Dewar,2024-25,TOR,L,C,29,0,3,3,-2,5,0.10,0,2,0,0,0,1,0,0,27,0.0,10:07,42.9
675,Matt Nieto,2024-25,PIT,L,L,31,1,2,3,-8,2,0.10,1,2,0,1,0,0,0,0,30,3.3,12:14,40.0
676,Parker Wotherspoon,2024-25,BOS,L,D,33,1,2,3,-6,8,0.09,1,3,0,0,0,0,0,0,29,3.5,18:02,--
677,Wyatt Kaiser,2024-25,CHI,L,D,35,1,2,3,-3,14,0.09,1,3,0,0,0,0,0,0,43,2.3,17:39,--
678,Vincent Desharnais,2024-25,"VAN, PIT",R,D,41,0,3,3,-9,38,0.07,0,3,0,0,0,0,0,0,23,0.0,15:51,--
679,P.O Joseph,2024-25,"STL, PIT",L,D,46,0,3,3,-22,45,0.07,0,3,0,0,0,0,0,0,42,0.0,15:31,--
680,Travis Hamonic,2024-25,OTT,R,D,47,0,3,3,-14,17,0.06,0,3,0,0,0,0,0,0,61,0.0,17:04,--
681,Michael Sgarbossa,2024-25,WSH,L,C,3,1,1,2,+2,2,0.67,1,2,0,0,0,0,0,0,1,100.0,9:20,45.0
682,John Hayden,2024-25,SEA,R,C,7,1,1,2,+1,2,0.29,1,2,0,0,0,0,0,0,6,16.7,8:01,100.0
683,Nikita Nesterenko,2024-25,ANA,L,C,7,1,1,2,0,0,0.29,1,2,0,0,0,0,0,0,5,20.0,9:33,0.0
684,Alex Steeves,2024-25,TOR,L,C,7,1,1,2,+3,0,0.29,1,2,0,0,0,0,0,0,7,14.3,9:53,--
685,Vinni Lettieri,2024-25,BOS,R,C,8,2,0,2,0,4,0.25,2,2,0,0,0,0,0,0,12,16.7,12:05,50.0
686,Ty Smith,2024-25,CAR,L,D,8,1,1,2,+1,4,0.25,0,1,1,1,0,0,0,0,14,7.1,13:40,--
687,John Ludvig,2024-25,COL,L,D,8,0,2,2,-4,6,0.25,0,2,0,0,0,0,0,0,9,0.0,12:57,--
688,Nils Aman,2024-25,VAN,L,C,8,0,2,2,-3,0,0.25,0,2,0,0,0,0,0,0,4,0.0,10:31,37.0
689,Marc-Edouard Vlasic,2024-25,SJS,L,D,9,0,2,2,-4,0,0.22,0,1,0,0,0,1,0,0,5,0.0,15:28,--
690,Tyler Johnson,2024-25,BOS,R,C,9,0,2,2,-1,10,0.22,0,1,0,1,0,0,0,0,6,0.0,13:05,63.6
691,Rodrigo Abols,2024-25,PHI,L,C,9,1,1,2,-3,2,0.22,1,2,0,0,0,0,0,0,13,7.7,10:19,54.4
692,Ethan Del Mastro,2024-25,CHI,L,D,9,1,1,2,-2,2,0.22,1,2,0,0,0,0,0,0,5,20.0,15:33,--
693,Valtteri Puustinen,2024-25,PIT,R,R,10,1,1,2,-4,4,0.20,0,1,1,1,0,0,0,0,6,16.7,9:53,--
694,Landon Slaggert,2024-25,CHI,L,L,10,2,0,2,-3,11,0.20,2,2,0,0,0,0,0,1,14,14.3,12:36,0.0
695,Dylan McIlrath,2024-25,WSH,R,D,11,0,2,2,+1,14,0.18,0,2,0,0,0,0,0,0,4,0.0,10:54,--
696,Noah Philp,2024-25,EDM,R,C,12,0,2,2,+1,2,0.17,0,2,0,0,0,0,0,0,12,0.0,8:40,40.8
697,Oliver Kapanen,2024-25,MTL,R,C,12,0,2,2,-4,2,0.17,0,1,0,1,0,0,0,0,13,0.0,11:38,46.0
698,Marc McLaughlin,2024-25,BOS,R,C,12,2,0,2,-1,0,0.17,2,2,0,0,0,0,0,0,13,15.4,9:12,42.9
699,Grant Hutton,2024-25,NYI,R,D,13,0,2,2,+1,4,0.15,0,2,0,0,0,0,0,0,10,0.0,13:28,--
700,Robert Bortuzzo,2024-25,UTA,R,D,16,0,2,2,-2,22,0.13,0,2,0,0,0,0,0,0,7,0.0,10:53,--
701,Cole Reinhardt,2024-25,OTT,L,L,17,1,1,2,-4,15,0.12,1,2,0,0,0,0,0,0,13,7.7,8:12,100.0
702,Tyson Jost,2024-25,CAR,L,C,18,2,0,2,+2,14,0.11,2,2,0,0,0,0,0,0,19,10.5,10:10,48.7
703,Nicolas Aube-Kubel,2024-25,BUF,R,R,19,1,1,2,-4,17,0.11,1,2,0,0,0,0,0,0,18,5.6,9:32,66.7
704,Kyle Burroughs,2024-25,LAK,R,D,28,0,2,2,+3,31,0.07,0,2,0,0,0,0,0,0,5,0.0,7:40,--
705,Keaton Middleton,2024-25,COL,L,D,28,0,2,2,0,17,0.07,0,2,0,0,0,0,0,0,30,0.0,10:45,--
706,Ryan Reaves,2024-25,TOR,R,R,34,0,2,2,-2,28,0.06,0,2,0,0,0,0,0,0,14,0.0,7:45,0.0
707,Justin Sourdif,2024-25,FLA,R,R,1,1,0,1,+1,0,1.00,1,1,0,0,0,0,0,1,2,50.0,9:27,--
708,Dylan Duke,2024-25,TBL,L,L,2,1,0,1,0,0,0.50,1,1,0,0,0,0,0,0,1,100.0,7:52,--
709,Joseph LaBate,2024-25,CBJ,L,C,3,0,1,1,+2,5,0.33,0,1,0,0,0,0,0,0,0,--,8:59,0.0
710,Andrew Poturalski,2024-25,SJS,R,C,3,0,1,1,-1,2,0.33,0,1,0,0,0,0,0,0,5,0.0,14:27,48.8
711,Isaak Phillips,2024-25,CHI,L,D,3,1,0,1,0,0,0.33,1,1,0,0,0,0,0,0,3,33.3,11:54,--
712,Declan Carlile,2024-25,TBL,L,D,3,1,0,1,+2,0,0.33,1,1,0,0,0,0,0,0,3,33.3,13:00,--
713,Matt Savoie,2024-25,EDM,R,C,3,0,1,1,0,0,0.33,0,1,0,0,0,0,0,0,3,0.0,12:13,0.0
714,Georgii Merkulov,2024-25,BOS,L,C,3,0,1,1,-1,0,0.33,0,1,0,0,0,0,0,0,4,0.0,13:44,0.0
715,Parker Ford,2024-25,WPG,R,C,3,1,0,1,+1,2,0.33,1,1,0,0,0,0,0,0,2,50.0,7:50,--
716,Dominik Shine,2024-25,DET,R,R,4,0,1,1,-1,0,0.25,0,1,0,0,0,0,0,0,2,0.0,8:44,--
717,Chad Ruhwedel,2024-25,NYR,R,D,5,0,1,1,+2,0,0.20,0,1,0,0,0,0,0,0,1,0.0,14:06,--
718,Ilya Solovyov,2024-25,CGY,L,D,5,0,1,1,-3,2,0.20,0,1,0,0,0,0,0,0,6,0.0,15:40,--
719,Brad Lambert,2024-25,WPG,R,C,5,0,1,1,0,2,0.20,0,1,0,0,0,0,0,0,1,0.0,11:36,33.3
720,Justin Hryckowian,2024-25,DAL,L,C,5,0,1,1,+1,0,0.20,0,1,0,0,0,0,0,0,3,0.0,7:53,60.0
721,Arttu Hyry,2024-25,DAL,R,R,5,0,1,1,0,0,0.20,0,1,0,0,0,0,0,0,5,0.0,9:05,68.8
722,Kevin Gravel,2024-25,NSH,L,D,6,0,1,1,+3,0,0.17,0,1,0,0,0,0,0,0,6,0.0,17:50,--
723,Clark Bishop,2024-25,CGY,L,C,6,1,0,1,-2,0,0.17,1,1,0,0,0,0,0,0,4,25.0,7:15,38.9
724,Sam Poulin,2024-25,PIT,L,R,6,0,1,1,+1,2,0.17,0,1,0,0,0,0,0,0,2,0.0,10:06,--
725,Helge Grans,2024-25,PHI,R,D,6,0,1,1,0,2,0.17,0,1,0,0,0,0,0,0,5,0.0,14:28,--
726,Ethan Cardwell,2024-25,SJS,R,R,6,1,0,1,-2,2,0.17,1,1,0,0,0,0,0,0,5,20.0,11:32,50.0
727,Drake Caggiula,2024-25,EDM,L,L,7,0,1,1,0,5,0.14,0,1,0,0,0,0,0,0,6,0.0,7:18,100.0
728,Cale Fleury,2024-25,SEA,R,D,7,0,1,1,+2,0,0.14,0,1,0,0,0,0,0,0,7,0.0,12:20,--
729,Matj Blümel,2024-25,DAL,L,R,7,1,0,1,-1,0,0.14,1,1,0,0,0,0,0,0,10,10.0,8:26,--
730,Callahan Burke,2024-25,VGK,R,C,7,1,0,1,+2,2,0.14,1,1,0,0,0,0,0,0,12,8.3,10:50,100.0
731,Lucas Condotta,2024-25,MTL,L,L,7,1,0,1,-2,0,0.14,1,1,0,0,0,0,0,0,5,20.0,8:12,58.6
732,Calum Ritchie,2024-25,COL,R,C,7,1,0,1,-7,0,0.14,1,1,0,0,0,0,0,0,11,9.1,12:47,42.9
733,T.J. Tynan,2024-25,COL,R,C,8,0,1,1,-1,4,0.13,0,1,0,0,0,0,0,0,4,0.0,7:56,38.9
734,Joshua Brown,2024-25,EDM,R,D,8,0,1,1,-1,9,0.13,0,1,0,0,0,0,0,0,5,0.0,11:29,--
735,Tanner Laczynski,2024-25,VGK,R,C,8,1,0,1,-1,6,0.13,1,1,0,0,0,0,0,0,2,50.0,8:36,43.2
736,Ryan Winterton,2024-25,SEA,R,C,8,0,1,1,-7,0,0.13,0,1,0,0,0,0,0,0,8,0.0,10:22,0.0
737,Owen Beck,2024-25,MTL,R,C,8,0,1,1,-1,0,0.13,0,1,0,0,0,0,0,0,9,0.0,10:15,53.6
738,Linus Karlsson,2024-25,VAN,R,C,9,1,0,1,+1,0,0.11,1,1,0,0,0,0,0,1,8,12.5,9:59,50.0
739,Nicolas Deslauriers,2024-25,PHI,L,L,10,0,1,1,+1,10,0.10,0,1,0,0,0,0,0,0,6,0.0,6:13,100.0
740,Danil Gushchin,2024-25,SJS,L,L,10,0,1,1,-2,6,0.10,0,1,0,0,0,0,0,0,13,0.0,12:07,100.0
741,Elias Pettersson,2024-25,VAN,L,D,10,0,1,1,-1,2,0.10,0,1,0,0,0,0,0,0,8,0.0,12:23,--
742,Tyson Kozak,2024-25,BUF,L,C,11,1,0,1,-2,0,0.09,1,1,0,0,0,0,0,0,6,16.7,10:25,48.1
743,Arshdeep Bains,2024-25,VAN,L,L,12,1,0,1,-4,0,0.08,1,1,0,0,0,0,0,1,7,14.3,10:38,75.0
744,Simon Nemec,2024-25,NJD,R,D,12,0,1,1,-2,6,0.08,0,0,0,1,0,0,0,0,9,0.0,15:48,--
745,Adam Klapka,2024-25,CGY,R,R,12,1,0,1,+1,15,0.08,1,1,0,0,0,0,0,0,16,6.3,8:12,37.5
746,Sam Colangelo,2024-25,ANA,R,R,13,1,0,1,-7,0,0.08,1,1,0,0,0,0,0,0,16,6.3,10:58,22.2
747,Andreas Englund,2024-25,"LAK, NSH",L,D,16,1,0,1,-5,14,0.06,1,1,0,0,0,0,0,0,7,14.3,12:06,--
748,Ville Heinola,2024-25,WPG,L,D,17,0,1,1,+7,4,0.06,0,1,0,0,0,0,0,0,11,0.0,13:58,--
749,Joey Anderson,2024-25,CHI,R,R,18,0,1,1,-2,0,0.06,0,1,0,0,0,0,0,0,17,0.0,12:24,60.0
750,Jack St. Ivany,2024-25,PIT,R,D,19,0,1,1,-3,17,0.05,0,1,0,0,0,0,0,0,12,0.0,16:22,--
751,Liam O'Brien,2024-25,UTA,L,C,21,0,1,1,0,38,0.05,0,1,0,0,0,0,0,0,26,0.0,9:38,0.0
752,Hudson Fasching,2024-25,NYI,R,R,21,0,1,1,-4,2,0.05,0,1,0,0,0,0,0,0,13,0.0,9:08,0.0
753,Matt Martin,2024-25,NYI,L,L,24,0,1,1,-2,10,0.04,0,1,0,0,0,0,0,0,12,0.0,7:47,50.0
754,Chris Wagner,2024-25,COL,R,R,24,1,0,1,-7,9,0.04,1,1,0,0,0,0,0,0,25,4.0,6:55,46.2
755,Jeremy Lauzon,2024-25,NSH,L,D,28,0,1,1,-4,37,0.04,0,1,0,0,0,0,0,0,25,0.0,17:58,--
756,Ryan Graves,2024-25,PIT,L,D,43,0,1,1,-13,25,0.02,0,1,0,0,0,0,0,0,28,0.0,15:19,--
757,Scott Sabourin,2024-25,SJS,R,R,1,0,0,0,-2,0,0.00,0,0,0,0,0,0,0,0,0,--,10:27,--
758,Steven Santini,2024-25,TBL,R,D,1,0,0,0,0,0,0.00,0,0,0,0,0,0,0,0,1,0.0,11:37,--
759,Dakota Mermis,2024-25,UTA,L,D,1,0,0,0,-2,2,0.00,0,0,0,0,0,0,0,0,2,0.0,10:47,--
760,Dryden Hunt,2024-25,CGY,L,L,1,0,0,0,-1,0,0.00,0,0,0,0,0,0,0,0,2,0.0,12:33,--
761,Kyle Capobianco,2024-25,DAL,L,D,1,0,0,0,-2,4,0.00,0,0,0,0,0,0,0,0,0,--,11:23,--
762,Julien Gauthier,2024-25,NYI,R,R,1,0,0,0,0,0,0.00,0,0,0,0,0,0,0,0,0,--,7:42,--
763,Nathan Clurman,2024-25,PIT,R,D,1,0,0,0,0,2,0.00,0,0,0,0,0,0,0,0,4,0.0,11:05,--
764,Jeffrey Viel,2024-25,BOS,L,L,1,0,0,0,0,7,0.00,0,0,0,0,0,0,0,0,0,--,8:29,--
765,Grigori Denisenko,2024-25,VGK,R,L,1,0,0,0,0,2,0.00,0,0,0,0,0,0,0,0,0,--,8:27,0.0
766,Adam Ginning,2024-25,PHI,L,D,1,0,0,0,-1,0,0.00,0,0,0,0,0,0,0,0,0,--,12:48,--
767,Angus Crookshank,2024-25,OTT,L,L,1,0,0,0,0,0,0.00,0,0,0,0,0,0,0,0,3,0.0,14:04,0.0
768,Rafael Harvey-Pinard,2024-25,MTL,L,L,1,0,0,0,0,0,0.00,0,0,0,0,0,0,0,0,0,--,8:54,--
769,Jake Lucchini,2024-25,NSH,L,C,1,0,0,0,-1,0,0.00,0,0,0,0,0,0,0,0,1,0.0,13:20,100.0
770,Mason Morelli,2024-25,VGK,L,L,1,0,0,0,-1,0,0.00,0,0,0,0,0,0,0,0,0,--,7:31,--
771,Daniil Misyul,2024-25,NJD,L,D,1,0,0,0,-1,0,0.00,0,0,0,0,0,0,0,0,0,--,12:23,--
772,Samuel Bolduc,2024-25,NYI,L,D,1,0,0,0,-1,0,0.00,0,0,0,0,0,0,0,0,0,--,5:56,--
773,Jack Finley,2024-25,TBL,R,C,1,0,0,0,+1,0,0.00,0,0,0,0,0,0,0,0,1,0.0,8:25,60.0
774,Daemon Hunt,2024-25,MIN,L,D,1,0,0,0,0,0,0.00,0,0,0,0,0,0,0,0,2,0.0,8:01,--
775,Mike Hardman,2024-25,NJD,L,L,1,0,0,0,0,0,0.00,0,0,0,0,0,0,0,0,0,--,8:24,0.0
776,Fabian Lysell,2024-25,BOS,R,R,1,0,0,0,+1,0,0.00,0,0,0,0,0,0,0,0,0,--,11:32,--
777,Michael Milne,2024-25,MIN,L,L,1,0,0,0,0,0,0.00,0,0,0,0,0,0,0,0,0,--,6:34,--
778,Owen Sillinger,2024-25,CBJ,L,C,1,0,0,0,0,2,0.00,0,0,0,0,0,0,0,0,0,--,13:09,40.0
779,Jacob Quillan,2024-25,TOR,L,C,1,0,0,0,0,0,0.00,0,0,0,0,0,0,0,0,0,--,5:21,--
780,Austin Watson,2024-25,DET,R,L,2,0,0,0,-2,2,0.00,0,0,0,0,0,0,0,0,1,0.0,7:00,--
781,Jani Hakanpää,2024-25,TOR,R,D,2,0,0,0,-1,0,0.00,0,0,0,0,0,0,0,0,2,0.0,14:05,--
782,Robert Hagg,2024-25,VGK,L,D,2,0,0,0,0,0,0.00,0,0,0,0,0,0,0,0,0,--,11:09,--
783,Patrick Brown,2024-25,BOS,R,C,2,0,0,0,-1,2,0.00,0,0,0,0,0,0,0,0,3,0.0,11:02,40.0
784,William Lagesson,2024-25,DET,L,D,2,0,0,0,-2,2,0.00,0,0,0,0,0,0,0,0,2,0.0,15:57,--
785,Rasmus Asplund,2024-25,FLA,L,C,2,0,0,0,0,0,0.00,0,0,0,0,0,0,0,0,1,0.0,7:32,0.0
786,Riley Stillman,2024-25,CAR,L,D,2,0,0,0,-1,5,0.00,0,0,0,0,0,0,0,0,1,0.0,4:46,--
787,Alex Barré-Boulet,2024-25,MTL,L,C,2,0,0,0,-2,2,0.00,0,0,0,0,0,0,0,0,0,--,10:10,--
788,Emil Bemstrom,2024-25,PIT,R,C,2,0,0,0,-1,0,0.00,0,0,0,0,0,0,0,0,2,0.0,12:14,--
789,Liam Foudy,2024-25,NYI,L,C,2,0,0,0,-1,0,0.00,0,0,0,0,0,0,0,0,1,0.0,7:27,--
790,Jan Jenik,2024-25,OTT,L,C,2,0,0,0,-1,0,0.00,0,0,0,0,0,0,0,0,0,--,7:42,33.3
791,Nolan Foote,2024-25,NJD,L,L,2,0,0,0,-1,0,0.00,0,0,0,0,0,0,0,0,0,--,10:46,--
792,Ryan Suzuki,2024-25,CAR,L,C,2,0,0,0,+1,0,0.00,0,0,0,0,0,0,0,0,0,--,6:36,57.1
793,Connor Mackey,2024-25,NYR,L,D,2,0,0,0,0,5,0.00,0,0,0,0,0,0,0,0,1,0.0,16:08,--
794,Donovan Sebrango,2024-25,OTT,L,D,2,0,0,0,-1,0,0.00,0,0,0,0,0,0,0,0,0,--,10:19,--
795,Chase Bradley,2024-25,COL,L,L,2,0,0,0,0,0,0.00,0,0,0,0,0,0,0,0,0,--,5:35,--
796,Scott Morrow,2024-25,CAR,R,D,2,0,0,0,-1,0,0.00,0,0,0,0,0,0,0,0,3,0.0,11:27,--
797,Oskar Olausson,2024-25,COL,L,R,2,0,0,0,0,0,0.00,0,0,0,0,0,0,0,0,3,0.0,6:49,--
798,James Malatesta,2024-25,CBJ,L,L,2,0,0,0,-1,0,0.00,0,0,0,0,0,0,0,0,0,--,10:34,100.0
799,Brennan Othmann,2024-25,NYR,L,L,2,0,0,0,+3,0,0.00,0,0,0,0,0,0,0,0,3,0.0,9:17,--
800,Isak Rosen,2024-25,BUF,L,R,2,0,0,0,-1,0,0.00,0,0,0,0,0,0,0,0,1,0.0,9:08,--
801,Joakim Kemell,2024-25,NSH,R,R,2,0,0,0,0,0,0.00,0,0,0,0,0,0,0,0,8,0.0,10:21,--
802,Brian Halonen,2024-25,NJD,R,L,2,0,0,0,-1,0,0.00,0,0,0,0,0,0,0,0,2,0.0,13:54,--
803,Jason Polin,2024-25,COL,R,R,2,0,0,0,0,0,0.00,0,0,0,0,0,0,0,0,3,0.0,5:11,100.0
804,Alexander Petrovic,2024-25,DAL,R,D,3,0,0,0,-3,2,0.00,0,0,0,0,0,0,0,0,1,0.0,11:44,--
805,Erik Gudbranson,2024-25,CBJ,R,D,3,0,0,0,0,2,0.00,0,0,0,0,0,0,0,0,1,0.0,15:46,--
806,Travis Boyd,2024-25,MIN,R,C,3,0,0,0,0,0,0.00,0,0,0,0,0,0,0,0,0,--,7:48,--
807,Sonny Milano,2024-25,WSH,L,L,3,0,0,0,-3,0,0.00,0,0,0,0,0,0,0,0,4,0.0,7:13,--
808,Colin White,2024-25,SJS,R,C,3,0,0,0,-1,0,0.00,0,0,0,0,0,0,0,0,1,0.0,7:18,23.1
809,Guillaume Brisebois,2024-25,VAN,L,D,3,0,0,0,0,0,0.00,0,0,0,0,0,0,0,0,2,0.0,15:48,--
810,Kieffer Bellows,2024-25,NSH,L,L,3,0,0,0,-1,0,0.00,0,0,0,0,0,0,0,0,7,0.0,9:31,--
811,Kailer Yamamoto,2024-25,UTA,R,R,3,0,0,0,-1,0,0.00,0,0,0,0,0,0,0,0,1,0.0,10:40,100.0
812,Reese Johnson,2024-25,MIN,R,C,3,0,0,0,0,0,0.00,0,0,0,0,0,0,0,0,1,0.0,9:32,--
813,Ryan Johnson,2024-25,BUF,L,D,3,0,0,0,-2,4,0.00,0,0,0,0,0,0,0,0,3,0.0,17:40,--
814,Nathan Légaré,2024-25,NJD,R,R,3,0,0,0,-1,0,0.00,0,0,0,0,0,0,0,0,3,0.0,10:41,--
815,Ozzy Wiesblatt,2024-25,NSH,R,C,3,0,0,0,+1,0,0.00,0,0,0,0,0,0,0,0,1,0.0,11:10,--
816,Rutger McGroarty,2024-25,PIT,L,R,3,0,0,0,-1,0,0.00,0,0,0,0,0,0,0,0,2,0.0,11:37,0.0
817,Dominic Toninato,2024-25,WPG,L,C,4,0,0,0,0,0,0.00,0,0,0,0,0,0,0,0,2,0.0,8:03,100.0
818,Shane Bowers,2024-25,NJD,L,C,4,0,0,0,-1,0,0.00,0,0,0,0,0,0,0,0,2,0.0,8:15,100.0
819,Corey Schueneman,2024-25,STL,L,D,4,0,0,0,0,0,0.00,0,0,0,0,0,0,0,0,4,0.0,14:03,--
820,Jacob Gaucher,2024-25,PHI,R,C,4,0,0,0,0,0,0.00,0,0,0,0,0,0,0,0,3,0.0,7:21,66.7
821,Vasily Ponomarev,2024-25,PIT,L,C,4,0,0,0,-1,2,0.00,0,0,0,0,0,0,0,0,4,0.0,9:13,20.0
822,Joshua Roy,2024-25,MTL,L,R,4,0,0,0,-1,2,0.00,0,0,0,0,0,0,0,0,3,0.0,10:57,--
823,Jett Luchanko,2024-25,PHI,R,C,4,0,0,0,-3,2,0.00,0,0,0,0,0,0,0,0,3,0.0,14:03,46.0
824,Andreas Athanasiou,2024-25,CHI,L,C,5,0,0,0,-1,0,0.00,0,0,0,0,0,0,0,0,6,0.0,9:36,48.7
825,Ben Hutton,2024-25,VGK,L,D,5,0,0,0,0,0,0.00,0,0,0,0,0,0,0,0,6,0.0,11:10,--
826,Conor Sheary,2024-25,TBL,L,L,5,0,0,0,-2,4,0.00,0,0,0,0,0,0,0,0,3,0.0,11:20,0.0
827,Mark Friedman,2024-25,VAN,R,D,5,0,0,0,-4,10,0.00,0,0,0,0,0,0,0,0,4,0.0,14:04,--
828,Caleb Jones,2024-25,LAK,L,D,5,0,0,0,-2,2,0.00,0,0,0,0,0,0,0,0,6,0.0,12:49,--
829,Riley Tufte,2024-25,BOS,L,L,5,0,0,0,-3,4,0.00,0,0,0,0,0,0,0,0,0,--,8:05,50.0
830,Alexander Nylander,2024-25,TOR,R,L,5,0,0,0,-1,4,0.00,0,0,0,0,0,0,0,0,4,0.0,9:53,75.0
831,Tye Felhaber,2024-25,COL,L,L,5,0,0,0,-1,0,0.00,0,0,0,0,0,0,0,0,2,0.0,5:31,--
832,Alexander Alexeyev,2024-25,WSH,L,D,5,0,0,0,+4,0,0.00,0,0,0,0,0,0,0,0,4,0.0,13:13,--
833,Maxwell Crozier,2024-25,TBL,R,D,5,0,0,0,0,0,0.00,0,0,0,0,0,0,0,0,8,0.0,16:41,--
834,Samuel Honzek,2024-25,CGY,L,L,5,0,0,0,-1,2,0.00,0,0,0,0,0,0,0,0,6,0.0,12:24,0.0
835,Brendan Gaunce,2024-25,MIN,L,C,6,0,0,0,-4,4,0.00,0,0,0,0,0,0,0,0,4,0.0,9:43,41.9
836,Dylan Coghlan,2024-25,WPG,R,D,6,0,0,0,+1,4,0.00,0,0,0,0,0,0,0,0,9,0.0,15:21,--
837,Olle Lycksell,2024-25,PHI,L,R,6,0,0,0,-1,0,0.00,0,0,0,0,0,0,0,0,3,0.0,10:34,50.0
838,Tristan Luneau,2024-25,ANA,R,D,6,0,0,0,-5,2,0.00,0,0,0,0,0,0,0,0,6,0.0,16:33,--
839,Ben Meyers,2024-25,SEA,L,C,6,0,0,0,-2,2,0.00,0,0,0,0,0,0,0,0,3,0.0,8:22,51.4
840,Matthew Benning,2024-25,SJS,R,D,7,0,0,0,-5,4,0.00,0,0,0,0,0,0,0,0,7,0.0,13:02,--
841,Bokondji Imama,2024-25,PIT,L,L,7,0,0,0,+1,9,0.00,0,0,0,0,0,0,0,0,3,0.0,5:18,--
842,Max Jones,2024-25,BOS,L,L,7,0,0,0,-4,8,0.00,0,0,0,0,0,0,0,0,2,0.0,10:01,--
843,Spencer Stastney,2024-25,NSH,L,D,7,0,0,0,-4,0,0.00,0,0,0,0,0,0,0,0,4,0.0,16:08,--
844,Raphael Lavoie,2024-25,VGK,R,C,7,0,0,0,-4,0,0.00,0,0,0,0,0,0,0,0,10,0.0,10:50,0.0
845,Nikita Grebenkin,2024-25,TOR,L,R,7,0,0,0,-3,2,0.00,0,0,0,0,0,0,0,0,2,0.0,8:45,100.0
846,Tobias Bjornfot,2024-25,FLA,L,D,8,0,0,0,+2,0,0.00,0,0,0,0,0,0,0,0,8,0.0,13:24,--
847,Matt Stienburg,2024-25,COL,R,C,8,0,0,0,0,22,0.00,0,0,0,0,0,0,0,0,4,0.0,6:05,--
848,Patrick Giles,2024-25,FLA,R,R,9,0,0,0,-1,0,0.00,0,0,0,0,0,0,0,0,4,0.0,7:23,29.8
849,Brendan Brisson,2024-25,VGK,L,C,9,0,0,0,-3,0,0.00,0,0,0,0,0,0,0,0,7,0.0,9:52,--
850,Kevin Korchinski,2024-25,CHI,L,D,9,0,0,0,-5,4,0.00,0,0,0,0,0,0,0,0,7,0.0,16:46,--
851,Nick Leddy,2024-25,STL,L,D,10,0,0,0,-1,0,0.00,0,0,0,0,0,0,0,0,12,0.0,19:44,--
852,Nikita Prishchepov,2024-25,COL,L,C,10,0,0,0,0,0,0.00,0,0,0,0,0,0,0,0,4,0.0,6:22,--
853,Mike Reilly,2024-25,NYI,L,D,11,0,0,0,+1,2,0.00,0,0,0,0,0,0,0,0,15,0.0,15:45,--
854,Jonas Rondbjerg,2024-25,VGK,L,R,11,0,0,0,-3,0,0.00,0,0,0,0,0,0,0,0,9,0.0,9:39,20.0
855,Michael Callahan,2024-25,BOS,L,D,11,0,0,0,-2,0,0.00,0,0,0,0,0,0,0,0,4,0.0,13:08,--
856,Givani Smith,2024-25,"SJS, COL",L,R,13,0,0,0,-3,18,0.00,0,0,0,0,0,0,0,0,5,0.0,6:20,--
857,Michael Pezzetta,2024-25,MTL,L,L,14,0,0,0,-4,10,0.00,0,0,0,0,0,0,0,0,7,0.0,5:37,16.7
858,Jere Innala,2024-25,COL,L,L,15,0,0,0,-3,2,0.00,0,0,0,0,0,0,0,0,4,0.0,6:55,33.3
859,Travis Dermott,2024-25,"EDM, MIN",L,D,19,0,0,0,-3,2,0.00,0,0,0,0,0,0,0,0,8,0.0,12:16,--
860,Nikolas Matinpalo,2024-25,OTT,R,D,20,0,0,0,-1,12,0.00,0,0,0,0,0,0,0,0,26,0.0,11:54,--
861,Kurtis MacDermid,2024-25,NJD,L,L,21,0,0,0,-3,23,0.00,0,0,0,0,0,0,0,0,6,0.0,5:45,--
862,Ben Jones,2024-25,MIN,L,C,26,0,0,0,-3,10,0.00,0,0,0,0,0,0,0,0,24,0.0,8:23,48.0
863,Noah Juulsen,2024-25,VAN,R,D,35,0,0,0,-12,21,0.00,0,0,0,0,0,0,0,0,26,0.0,16:17,--
