PLAYER_ID,RANK,PLAYER,TEAM_ID,TEAM,GP,MIN,FGM,FGA,FG_PCT,FG3M,FG3A,FG3_PCT,FTM,FTA,FT_PCT,OREB,DREB,REB,AST,STL,BLK,TOV,PTS,EFF
<<<<<<< HEAD
1628983,1,Shai Gilgeous-Alexander,1610612760,OKC,65,34.4,11.4,21.5,0.528,2.2,5.8,0.376,8.1,9.0,0.902,0.9,4.2,5.1,6.2,1.8,1.0,2.6,33.0,33.5
203507,2,Giannis Antetokounmpo,1610612749,MIL,54,33.9,12.2,20.1,0.605,0.1,0.8,0.182,6.1,10.1,0.599,2.3,9.8,12.1,5.9,0.8,1.2,3.3,30.6,35.3
203999,3,Nikola Jokić,1610612743,DEN,62,36.5,11.1,19.4,0.575,1.9,4.6,0.413,5.0,6.2,0.807,2.9,10.0,12.8,10.3,1.8,0.7,3.3,29.1,42.0
1630162,4,Anthony Edwards,1610612750,MIN,66,36.4,9.1,20.5,0.445,4.1,10.1,0.405,5.1,6.2,0.833,0.7,5.1,5.9,4.6,1.1,0.6,3.2,27.4,24.0
1628369,5,Jayson Tatum,1610612738,BOS,63,36.6,9.2,20.3,0.454,3.6,10.2,0.352,5.1,6.2,0.812,0.7,8.1,8.7,5.9,1.1,0.5,3.0,27.1,28.1
201142,6,Kevin Durant,1610612756,PHX,55,37.1,9.6,18.3,0.525,2.5,6.1,0.414,4.9,5.9,0.828,0.4,5.8,6.2,4.3,0.8,1.3,3.1,26.6,26.3
1628973,7,Jalen Brunson,1610612752,NYK,61,35.4,9.1,18.7,0.49,2.3,6.0,0.384,5.7,7.0,0.825,0.4,2.6,3.0,7.4,1.0,0.1,2.5,26.3,24.5
1630178,8,Tyrese Maxey,1610612755,PHI,52,37.7,9.2,21.0,0.437,3.1,9.2,0.337,4.9,5.6,0.879,0.3,3.1,3.3,6.1,1.8,0.4,2.4,26.3,23.1
1626164,9,Devin Booker,1610612756,PHX,62,37.5,8.5,18.7,0.456,2.6,7.6,0.345,6.0,6.7,0.892,1.0,3.1,4.1,7.0,1.0,0.2,2.8,25.7,24.3
1630595,10,Cade Cunningham,1610612765,DET,63,35.2,9.4,20.6,0.459,2.1,6.1,0.349,4.6,5.3,0.863,0.8,5.3,6.1,9.3,1.0,0.7,4.5,25.6,26.4
203081,11,Damian Lillard,1610612749,MIL,56,36.2,7.8,17.2,0.451,3.4,9.1,0.378,6.2,6.8,0.923,0.5,4.3,4.8,7.2,1.2,0.2,2.8,25.2,25.8
2544,12,LeBron James,1610612747,LAL,58,34.9,9.6,18.5,0.517,2.3,5.9,0.384,3.6,4.7,0.77,1.0,7.2,8.2,8.5,0.9,0.6,3.9,25.0,29.3
202681,13,Kyrie Irving,1610612742,DAL,50,36.1,8.9,18.9,0.473,2.9,7.2,0.401,3.9,4.3,0.916,1.2,3.6,4.8,4.6,1.3,0.5,2.2,24.7,23.3
201939,14,Stephen Curry,1610612744,GSW,58,32.2,8.0,17.9,0.447,4.4,11.2,0.396,3.9,4.2,0.934,0.6,3.8,4.4,6.1,1.1,0.4,2.9,24.3,23.3
1630532,15,Franz Wagner,1610612753,ORL,49,33.7,9.0,19.3,0.463,1.7,5.7,0.299,4.7,5.5,0.858,1.0,4.6,5.6,4.7,1.3,0.4,2.4,24.3,22.7
1626157,16,Karl-Anthony Towns,1610612752,NYK,59,35.0,8.8,16.7,0.525,2.1,4.9,0.425,4.7,5.6,0.834,3.1,10.1,13.1,3.1,1.0,0.7,2.6,24.3,30.8
1628378,17,Donovan Mitchell,1610612739,CLE,61,31.3,8.4,18.7,0.448,3.5,9.1,0.38,4.0,4.8,0.82,0.8,3.6,4.4,4.8,1.3,0.2,2.1,24.2,21.5
1629027,18,Trae Young,1610612737,ATL,63,36.2,7.3,18.2,0.404,2.7,8.5,0.325,6.5,7.5,0.872,0.5,2.7,3.2,11.5,1.1,0.2,4.8,24.0,23.3
203897,19,Zach LaVine,1610612758,SAC,59,34.8,8.5,16.6,0.514,3.2,7.2,0.441,3.4,4.1,0.823,0.3,4.3,4.5,4.3,0.9,0.2,2.9,23.6,21.9
1629639,20,Tyler Herro,1610612748,MIA,64,35.5,8.3,18.1,0.458,3.5,9.4,0.368,3.6,4.1,0.86,0.4,4.9,5.3,5.7,0.9,0.3,2.6,23.6,22.8
1628368,21,De'Aaron Fox,1610612759,SAS,62,36.1,8.7,18.8,0.463,1.9,6.1,0.31,4.2,5.1,0.827,0.9,3.9,4.8,6.3,1.5,0.4,2.8,23.5,22.8
1627759,22,Jaylen Brown,1610612738,BOS,56,35.3,8.5,18.4,0.459,1.8,5.8,0.316,4.0,5.3,0.757,1.4,4.6,6.1,4.7,1.3,0.3,2.6,22.8,21.3
1628991,23,Jaren Jackson Jr.,1610612763,MEM,61,29.4,8.2,16.4,0.501,1.9,5.1,0.367,4.4,5.7,0.776,1.3,4.5,5.8,2.1,1.3,1.7,2.1,22.7,21.9
201935,24,James Harden,1610612746,LAC,65,35.0,6.5,16.4,0.398,3.0,8.7,0.346,6.4,7.4,0.872,0.7,5.2,5.9,8.7,1.5,0.6,4.5,22.5,23.9
201942,25,DeMar DeRozan,1610612758,SAC,61,35.9,8.1,16.6,0.489,1.1,3.1,0.351,4.9,5.6,0.876,0.6,3.4,4.0,4.1,0.9,0.4,1.4,22.2,20.9
1630530,26,Trey Murphy III,1610612740,NOP,52,35.6,7.3,16.1,0.454,3.0,8.4,0.361,3.9,4.4,0.887,0.9,4.3,5.2,3.6,1.1,0.8,2.0,21.6,20.9
1627750,27,Jamal Murray,1610612743,DEN,61,36.4,7.9,16.7,0.474,2.4,6.0,0.397,3.3,3.7,0.889,0.7,3.1,3.8,6.1,1.4,0.5,2.1,21.5,22.1
1629628,28,RJ Barrett,1610612761,TOR,52,32.9,8.0,17.0,0.472,1.9,5.3,0.359,3.5,5.4,0.649,1.0,5.4,6.5,5.7,0.8,0.3,3.0,21.5,20.8
203468,29,CJ McCollum,1610612740,NOP,52,32.8,8.0,17.8,0.448,3.1,8.2,0.382,2.3,3.1,0.736,0.7,3.0,3.8,4.0,0.8,0.5,1.8,21.3,17.8
1631114,30,Jalen Williams,1610612760,OKC,61,32.6,8.1,16.9,0.478,1.8,5.0,0.362,3.3,4.2,0.791,0.9,4.6,5.5,5.3,1.7,0.7,2.2,21.3,22.5
1630224,31,Jalen Green,1610612745,HOU,68,33.3,7.5,17.7,0.426,3.0,8.2,0.359,3.2,3.9,0.827,0.6,4.0,4.6,3.3,0.9,0.3,2.5,21.3,16.9
1628970,32,Miles Bridges,1610612766,CHA,53,32.3,7.6,17.2,0.441,2.3,7.1,0.328,3.6,4.1,0.867,1.1,6.7,7.8,3.9,0.8,0.8,2.1,21.1,22.0
1629636,33,Darius Garland,1610612739,CLE,63,30.4,7.5,15.7,0.477,2.9,7.1,0.408,3.1,3.5,0.879,0.6,2.1,2.6,6.7,1.2,0.2,2.5,21.0,20.5
1629673,34,Jordan Poole,1610612764,WAS,56,30.9,6.8,16.1,0.424,3.5,9.3,0.377,3.8,4.3,0.876,0.5,2.8,3.3,4.7,1.4,0.5,3.2,21.0,17.7
1627783,35,Pascal Siakam,1610612754,IND,66,32.9,8.1,15.4,0.526,1.7,4.4,0.396,3.0,4.1,0.743,1.7,5.5,7.2,3.3,0.9,0.5,1.4,20.9,23.1
1630567,36,Scottie Barnes,1610612761,TOR,53,33.8,7.3,16.6,0.443,1.2,4.5,0.264,3.7,4.8,0.776,1.7,6.2,7.9,5.9,1.6,1.0,2.9,19.6,22.8
1627734,37,Domantas Sabonis,1610612758,SAC,57,35.2,7.6,12.9,0.592,1.0,2.4,0.425,3.2,4.2,0.751,3.9,10.2,14.1,6.3,0.6,0.4,3.0,19.4,31.5
1630559,38,Austin Reaves,1610612747,LAL,59,34.6,6.2,14.0,0.443,2.6,7.1,0.365,4.4,5.0,0.872,0.8,3.6,4.4,5.9,1.1,0.3,2.4,19.4,20.3
1629014,39,Anfernee Simons,1610612757,POR,64,32.8,6.9,16.0,0.431,3.1,8.4,0.372,2.5,2.8,0.903,0.3,2.4,2.7,4.8,0.9,0.1,2.1,19.4,16.4
1629632,40,Coby White,1610612741,CHI,60,33.1,6.6,15.1,0.436,3.0,8.3,0.36,3.2,3.6,0.906,0.3,3.3,3.6,4.5,1.0,0.2,2.3,19.4,17.4
1630578,41,Alperen Sengun,1610612745,HOU,64,31.5,7.5,15.0,0.501,0.3,1.3,0.241,3.9,5.6,0.694,3.4,7.0,10.5,4.9,1.2,0.8,2.6,19.2,24.7
1629661,42,Cameron Johnson,1610612751,BKN,52,31.9,6.3,13.3,0.477,2.9,7.3,0.401,3.5,4.0,0.888,0.9,3.4,4.3,3.2,0.9,0.5,1.7,19.1,18.9
203944,43,Julius Randle,1610612750,MIN,56,32.2,6.5,13.8,0.475,1.5,4.5,0.324,4.2,5.2,0.814,2.2,4.9,7.1,4.7,0.7,0.2,2.8,18.8,20.4
202696,44,Nikola Vučević,1610612741,CHI,59,31.8,7.6,14.3,0.534,1.7,4.5,0.392,1.7,2.1,0.811,2.3,7.8,10.1,3.3,0.8,0.6,1.7,18.7,24.9
1630217,45,Desmond Bane,1610612763,MEM,56,31.5,6.9,14.4,0.484,2.2,5.8,0.38,2.5,2.9,0.877,0.9,5.3,6.3,5.5,1.2,0.4,2.5,18.6,21.7
1630596,46,Evan Mobley,1610612739,CLE,59,30.3,7.2,12.6,0.568,1.1,3.0,0.369,3.2,4.3,0.742,2.3,7.1,9.3,3.1,0.8,1.6,2.0,18.6,24.9
1630169,47,Tyrese Haliburton,1610612754,IND,62,34.0,6.5,13.8,0.467,3.0,7.8,0.387,2.5,3.0,0.858,0.6,3.0,3.5,9.0,1.5,0.6,1.7,18.5,23.7
1629008,48,Michael Porter Jr.,1610612743,DEN,65,33.7,6.9,13.8,0.504,2.5,6.3,0.4,1.9,2.5,0.748,1.8,5.2,7.0,2.1,0.6,0.4,1.3,18.3,19.6
1629012,49,Collin Sexton,1610612762,UTA,53,28.1,6.4,13.7,0.47,1.8,4.4,0.397,3.5,4.0,0.871,1.1,1.8,2.9,4.2,0.7,0.1,2.6,18.1,15.5
203952,50,Andrew Wiggins,1610612748,MIA,54,30.9,6.1,14.0,0.439,2.1,5.9,0.364,3.3,4.3,0.772,1.5,3.0,4.5,2.5,0.9,0.8,1.6,17.7,16.1
1629631,51,De'Andre Hunter,1610612739,CLE,51,27.7,5.6,12.1,0.465,2.5,6.1,0.412,3.9,4.5,0.858,0.7,3.3,4.1,1.5,0.7,0.2,1.4,17.6,15.6
1628389,52,Bam Adebayo,1610612748,MIA,65,34.4,6.8,13.9,0.487,0.8,2.7,0.312,3.2,4.2,0.758,2.5,7.4,9.9,4.3,1.3,0.7,2.1,17.5,23.4
1628370,53,Malik Monk,1610612758,SAC,55,32.6,6.5,14.9,0.437,2.1,6.8,0.314,2.4,2.8,0.863,0.5,3.4,3.9,5.8,1.0,0.6,2.4,17.5,17.7
1628969,54,Mikal Bridges,1610612752,NYK,66,37.9,7.2,14.6,0.496,2.1,6.0,0.35,1.0,1.2,0.768,0.9,2.3,3.2,3.5,0.9,0.6,1.5,17.5,16.5
1631101,55,Shaedon Sharpe,1610612757,POR,60,30.5,6.6,14.6,0.449,2.0,6.2,0.314,2.4,3.0,0.802,0.9,3.2,4.1,2.6,0.8,0.2,2.0,17.5,14.5
203078,56,Bradley Beal,1610612756,PHX,48,32.2,6.6,13.1,0.505,1.9,4.9,0.395,2.2,2.7,0.813,0.7,2.7,3.4,3.6,1.0,0.5,1.9,17.3,17.0
1641718,57,Keyonte George,1610612762,UTA,53,31.4,5.4,13.8,0.394,2.6,7.7,0.343,3.4,4.2,0.796,0.4,3.4,3.8,5.9,0.7,0.2,2.8,16.8,15.4
1628384,58,OG Anunoby,1610612752,NYK,60,36.8,6.2,13.2,0.468,2.2,6.0,0.367,2.2,2.7,0.793,1.4,3.5,4.9,2.2,1.4,0.9,1.4,16.8,17.1
1628401,59,Derrick White,1610612738,BOS,64,33.8,5.7,12.8,0.445,3.5,9.0,0.389,1.8,2.1,0.847,0.9,3.5,4.3,4.4,1.0,1.1,1.6,16.7,18.4
1627736,60,Malik Beasley,1610612765,DET,68,27.4,5.7,12.9,0.442,3.9,9.2,0.421,1.1,1.6,0.649,0.6,2.1,2.7,1.7,1.0,0.1,1.1,16.3,12.9
1627826,61,Ivica Zubac,1610612746,LAC,66,32.6,7.2,11.6,0.623,0.0,0.0,0.0,1.8,2.8,0.638,3.7,8.8,12.5,2.6,0.7,1.2,1.7,16.2,26.1
1630170,62,Devin Vassell,1610612759,SAS,51,30.7,6.1,14.0,0.436,2.3,6.5,0.352,1.6,2.0,0.792,0.6,3.2,3.8,2.9,1.3,0.5,1.3,16.1,15.0
1631097,63,Bennedict Mathurin,1610612754,IND,60,30.1,5.5,11.8,0.468,1.5,4.0,0.361,3.4,4.0,0.831,1.2,4.1,5.3,1.9,0.6,0.4,1.9,15.9,15.1
1626167,64,Myles Turner,1610612754,IND,59,30.6,5.4,11.5,0.473,2.2,5.5,0.393,2.5,3.2,0.78,1.2,5.2,6.4,1.6,0.8,1.8,1.7,15.5,17.7
1630166,65,Deni Avdija,1610612757,POR,62,29.0,5.0,10.7,0.467,1.5,4.4,0.351,3.8,4.9,0.771,1.3,5.4,6.7,3.6,0.9,0.5,2.6,15.3,17.7
1631128,66,Christian Braun,1610612743,DEN,67,33.5,5.9,10.3,0.572,1.1,2.8,0.39,2.3,2.7,0.826,1.2,3.8,5.0,2.4,1.1,0.5,1.0,15.2,18.4
1626162,67,Kelly Oubre Jr.,1610612755,PHI,60,34.6,5.8,12.4,0.47,1.2,4.0,0.293,2.3,3.1,0.751,1.6,4.5,6.1,1.8,1.5,0.5,1.3,15.1,16.4
1628398,68,Kyle Kuzma,1610612749,MIL,49,29.7,5.6,13.3,0.422,1.3,4.7,0.283,2.0,3.2,0.628,0.8,5.4,6.2,2.3,0.6,0.2,2.3,14.6,12.7
1629675,69,Naz Reid,1610612750,MIN,68,27.9,5.4,11.8,0.46,2.3,5.9,0.387,1.5,1.9,0.775,1.2,5.0,6.2,2.2,0.8,1.0,1.4,14.6,16.6
202691,70,Klay Thompson,1610612742,DAL,61,27.7,5.2,12.5,0.415,3.1,7.8,0.398,0.9,1.0,0.905,0.7,2.9,3.6,2.1,0.8,0.5,1.3,14.4,12.6
1641711,71,Gradey Dick,1610612761,TOR,54,29.4,4.9,12.0,0.41,2.1,6.0,0.35,2.5,2.9,0.858,0.8,2.8,3.6,1.8,0.9,0.2,1.5,14.4,11.8
1627832,72,Fred VanVleet,1610612745,HOU,49,35.1,5.0,12.9,0.384,2.7,7.8,0.342,1.8,2.2,0.811,0.6,3.3,3.9,5.7,1.6,0.4,1.5,14.3,16.2
1628404,73,Josh Hart,1610612752,NYK,63,37.9,5.4,10.2,0.533,1.1,3.3,0.333,2.2,2.8,0.792,2.1,7.6,9.7,5.6,1.4,0.4,2.1,14.2,23.9
1627751,74,Jakob Poeltl,1610612761,TOR,52,29.8,6.2,10.1,0.616,0.0,0.1,0.333,1.8,2.6,0.672,3.3,6.3,9.6,2.8,1.2,1.2,1.9,14.2,22.4
1630202,75,Payton Pritchard,1610612738,BOS,67,28.1,5.0,10.5,0.471,3.3,7.9,0.418,0.9,1.1,0.851,1.3,2.4,3.7,3.4,0.9,0.2,1.0,14.1,15.6
1641708,76,Amen Thompson,1610612745,HOU,60,32.5,5.5,10.0,0.553,0.3,1.3,0.256,2.6,3.8,0.693,2.8,5.6,8.3,3.6,1.3,1.3,2.1,14.0,20.8
202699,77,Tobias Harris,1610612765,DET,64,32.2,5.3,11.3,0.474,1.3,3.7,0.345,2.0,2.3,0.872,0.9,5.2,6.1,2.2,0.9,0.8,1.1,14.0,16.6
1630700,78,Dyson Daniels,1610612737,ATL,63,34.0,5.9,12.2,0.479,1.1,3.1,0.344,1.2,2.0,0.593,1.6,4.0,5.6,4.2,3.0,0.7,1.9,13.9,18.4
1628415,79,Dillon Brooks,1610612745,HOU,64,32.1,5.0,12.0,0.42,2.4,6.2,0.391,1.3,1.6,0.81,1.1,2.8,3.9,1.7,0.8,0.2,1.0,13.8,12.1
1630581,80,Josh Giddey,1610612741,CHI,60,29.7,5.1,11.0,0.462,1.5,4.0,0.376,2.2,2.8,0.789,1.7,6.0,7.7,6.7,1.1,0.6,2.8,13.8,20.7
1642264,81,Stephon Castle,1610612759,SAS,65,25.7,4.9,11.6,0.427,1.1,4.0,0.281,2.7,3.7,0.719,1.0,2.2,3.1,3.5,0.9,0.2,2.0,13.7,11.8
1628386,82,Jarrett Allen,1610612739,CLE,67,28.6,5.6,7.9,0.702,0.0,0.0,0.0,2.6,3.4,0.743,2.7,7.6,10.2,2.0,1.0,1.0,1.2,13.7,23.4
203471,83,Dennis Schröder,1610612765,DET,62,27.6,4.7,11.3,0.417,1.9,5.3,0.355,2.1,2.5,0.833,0.3,2.3,2.6,5.3,1.0,0.2,2.0,13.4,13.5
1629060,84,Rui Hachimura,1610612747,LAL,50,32.1,5.1,10.0,0.506,1.7,4.1,0.41,1.5,2.0,0.765,1.5,3.8,5.2,1.5,0.8,0.5,0.9,13.3,15.0
201566,85,Russell Westbrook,1610612743,DEN,61,28.0,5.0,10.8,0.465,1.3,3.8,0.346,1.8,2.8,0.64,1.4,3.6,5.0,6.1,1.4,0.5,3.0,13.1,16.3
1630703,86,Scoot Henderson,1610612757,POR,60,26.9,4.4,10.3,0.427,1.6,4.3,0.365,2.5,3.2,0.772,0.8,2.3,3.0,5.1,1.1,0.2,2.7,12.9,13.0
1630168,87,Onyeka Okongwu,1610612737,ATL,61,26.7,5.1,8.9,0.573,0.5,1.6,0.3,2.2,2.9,0.746,3.0,5.5,8.5,2.2,0.9,1.0,1.0,12.8,19.9
1626156,88,D'Angelo Russell,1610612751,BKN,52,25.6,4.4,10.9,0.4,1.9,6.0,0.318,2.1,2.5,0.84,0.3,2.4,2.8,5.2,1.0,0.4,1.9,12.8,13.3
1630183,89,Jaden McDaniels,1610612750,MIN,69,32.4,5.0,10.4,0.483,1.3,3.9,0.342,1.3,1.6,0.83,1.7,4.4,6.0,2.0,1.5,0.9,1.1,12.7,16.4
1629656,90,Quentin Grimes,1610612755,PHI,63,25.3,4.6,9.5,0.479,1.9,4.9,0.388,1.7,2.2,0.754,0.7,3.4,4.1,2.6,0.9,0.3,1.6,12.7,13.5
1630230,91,Naji Marshall,1610612742,DAL,56,26.6,4.9,10.0,0.495,0.9,3.4,0.277,1.8,2.2,0.844,1.1,3.6,4.7,2.9,1.1,0.1,1.6,12.7,14.5
1630583,92,Santi Aldama,1610612763,MEM,53,25.0,5.0,10.2,0.487,1.8,4.8,0.375,0.9,1.3,0.7,1.6,5.1,6.7,2.8,0.8,0.5,1.0,12.7,16.9
1629640,93,Keldon Johnson,1610612759,SAS,63,23.7,4.7,9.7,0.487,1.2,3.6,0.335,2.0,2.6,0.764,1.4,3.2,4.6,1.5,0.6,0.2,0.9,12.6,13.0
201572,94,Brook Lopez,1610612749,MIL,65,31.7,4.7,9.5,0.494,1.8,4.8,0.373,1.4,1.7,0.845,1.3,3.6,5.0,1.8,0.7,1.9,1.0,12.6,15.8
1641731,95,Bilal Coulibaly,1610612764,WAS,59,33.0,4.5,10.6,0.421,1.1,3.8,0.281,2.3,3.1,0.746,1.5,3.4,5.0,3.4,1.3,0.7,2.1,12.3,13.7
1642259,96,Alex Sarr,1610612764,WAS,51,27.0,4.6,11.7,0.392,1.6,4.9,0.323,1.5,2.4,0.645,1.9,4.8,6.7,2.3,0.6,1.5,1.5,12.3,14.1
1629655,97,Daniel Gafford,1610612742,DAL,51,21.9,5.0,7.1,0.699,0.0,0.0,0.0,2.4,3.4,0.699,2.7,4.1,6.9,1.4,0.4,1.9,1.2,12.3,18.5
1631099,98,Keegan Murray,1610612758,SAC,63,34.6,4.7,10.8,0.44,1.9,5.8,0.332,0.9,1.0,0.831,2.0,4.7,6.7,1.4,0.8,0.9,0.8,12.3,15.1
1629660,99,Ty Jerome,1610612739,CLE,62,19.6,4.3,8.5,0.505,1.5,3.5,0.435,1.9,2.1,0.885,0.7,1.9,2.6,3.3,1.2,0.0,1.3,11.9,13.2
1627747,100,Caris LeVert,1610612737,ATL,52,24.9,4.3,9.0,0.473,1.7,4.3,0.394,1.6,2.3,0.718,0.6,2.5,3.1,3.4,0.9,0.5,1.2,11.9,13.2
203084,101,Harrison Barnes,1610612759,SAS,66,27.4,4.1,8.1,0.508,1.8,4.1,0.431,1.9,2.5,0.779,1.4,2.5,3.9,1.7,0.4,0.2,0.6,11.9,12.8
1642258,102,Zaccharie Risacher,1610612737,ATL,61,24.5,4.4,10.0,0.443,1.5,4.3,0.343,1.4,2.0,0.714,1.2,2.4,3.7,1.2,0.8,0.5,1.3,11.7,10.5
1631117,103,Walker Kessler,1610612762,UTA,51,30.4,5.0,7.1,0.711,0.1,0.2,0.25,1.5,2.8,0.542,4.7,7.8,12.5,1.6,0.6,2.4,1.5,11.6,23.9
1628978,104,Donte DiVincenzo,1610612750,MIN,50,26.5,4.0,9.5,0.417,2.8,7.1,0.393,0.9,1.1,0.786,0.5,3.2,3.7,3.8,1.2,0.2,1.6,11.6,13.3
1630557,105,Corey Kispert,1610612764,WAS,61,26.3,4.2,9.3,0.451,2.0,5.4,0.364,1.2,1.4,0.852,0.6,2.4,3.0,1.7,0.4,0.2,1.0,11.6,10.5
1627741,106,Buddy Hield,1610612744,GSW,67,23.1,4.1,10.0,0.416,2.5,6.9,0.367,0.6,0.8,0.784,0.6,2.7,3.2,1.7,0.9,0.3,1.2,11.4,10.4
1630598,107,Aaron Wiggins,1610612760,OKC,66,22.5,4.5,9.1,0.492,1.7,4.2,0.389,0.8,1.0,0.828,1.1,2.7,3.8,1.6,0.8,0.3,0.9,11.4,12.2
1631105,108,Jalen Duren,1610612765,DET,65,26.0,4.7,6.8,0.696,0.0,0.0,0.0,2.0,2.9,0.684,3.4,6.9,10.3,2.5,0.7,1.2,1.8,11.4,21.4
1626179,109,Terry Rozier,1610612748,MIA,58,27.0,4.2,10.4,0.398,1.5,5.0,0.302,1.6,1.8,0.857,0.7,3.1,3.8,2.7,0.6,0.2,1.3,11.4,10.9
202685,110,Jonas Valančiūnas,1610612758,SAC,65,20.0,4.5,8.3,0.544,0.1,0.5,0.25,1.9,2.2,0.867,2.5,5.7,8.3,2.2,0.5,0.6,1.6,11.0,17.0
203497,111,Rudy Gobert,1610612750,MIN,59,32.9,4.3,6.6,0.655,0.0,0.0,0.0,2.4,3.5,0.679,3.5,6.8,10.3,1.8,0.7,1.5,1.3,11.0,20.7
201950,112,Jrue Holiday,1610612738,BOS,52,30.5,4.1,9.2,0.445,1.8,5.1,0.343,1.0,1.2,0.9,1.2,3.1,4.3,3.7,1.0,0.5,1.3,11.0,13.9
1629130,113,Duncan Robinson,1610612748,MIA,64,24.5,3.9,9.0,0.431,2.5,6.6,0.385,0.7,0.7,0.894,0.2,2.1,2.3,2.5,0.5,0.1,1.2,11.0,10.0
1641739,114,Toumani Camara,1610612757,POR,66,32.8,4.0,8.8,0.454,1.6,4.3,0.369,1.2,1.6,0.745,2.3,3.6,5.9,2.2,1.5,0.7,1.5,10.8,14.3
1642377,115,Jaylen Wells,1610612763,MEM,68,25.9,3.8,8.8,0.433,1.8,5.0,0.36,1.3,1.7,0.805,1.1,2.2,3.3,1.7,0.6,0.1,1.0,10.8,10.1
1628960,116,Grayson Allen,1610612756,PHX,53,24.8,3.4,7.6,0.45,2.4,5.6,0.434,1.5,1.8,0.811,0.5,2.6,3.1,2.2,0.9,0.4,1.1,10.7,11.7
1641722,117,Jordan Hawkins,1610612740,NOP,50,23.2,3.7,9.8,0.375,1.9,5.8,0.333,1.4,1.7,0.831,0.5,2.2,2.6,1.1,0.6,0.4,0.9,10.7,8.1
1629018,118,Gary Trent Jr.,1610612749,MIL,59,24.8,3.7,8.5,0.438,2.3,5.5,0.42,0.8,1.0,0.842,0.3,2.1,2.3,1.2,0.9,0.1,0.6,10.6,9.5
203915,119,Spencer Dinwiddie,1610612742,DAL,67,26.0,3.4,8.3,0.414,1.4,4.0,0.336,2.3,2.9,0.809,0.2,2.2,2.4,3.8,0.8,0.2,1.2,10.6,11.2
1627884,120,Derrick Jones Jr.,1610612746,LAC,63,24.8,4.2,7.9,0.528,1.0,2.8,0.362,1.1,1.6,0.704,1.3,2.2,3.5,0.8,1.1,0.4,0.9,10.5,11.1
203501,121,Tim Hardaway Jr.,1610612765,DET,64,28.2,3.4,8.6,0.401,2.1,5.8,0.36,1.5,1.8,0.826,0.3,2.2,2.4,1.6,0.5,0.1,0.7,10.5,9.0
1627824,122,Guerschon Yabusele,1610612755,PHI,62,26.6,3.8,7.7,0.497,1.5,3.8,0.391,1.4,1.9,0.739,1.9,3.7,5.6,2.0,0.8,0.4,1.3,10.5,13.5
1626145,123,Tyus Jones,1610612756,PHX,67,28.1,3.8,8.5,0.448,2.1,4.9,0.422,0.7,0.8,0.889,0.5,1.9,2.4,5.7,0.8,0.1,1.3,10.4,13.4
1629599,124,Amir Coffey,1610612746,LAC,66,25.5,3.5,7.5,0.473,1.5,3.6,0.414,1.6,1.8,0.908,0.5,1.8,2.3,1.1,0.6,0.1,0.6,10.2,9.6
1629651,125,Nic Claxton,1610612751,BKN,59,27.2,4.5,8.2,0.549,0.0,0.3,0.063,1.2,2.3,0.522,2.2,5.2,7.4,2.3,0.9,1.5,1.2,10.2,16.3
1630553,126,Keon Johnson,1610612751,BKN,66,23.9,3.7,9.7,0.378,1.5,5.0,0.304,1.3,1.6,0.778,0.9,2.9,3.8,2.0,1.0,0.4,1.3,10.2,9.7
1630534,127,Ochai Agbaji,1610612761,TOR,55,26.9,4.0,8.0,0.503,1.5,3.8,0.399,0.6,0.8,0.689,0.9,2.8,3.7,1.5,0.8,0.5,0.8,10.1,11.7
1629614,128,Andrew Nembhard,1610612754,IND,50,29.0,3.8,8.2,0.466,0.8,2.6,0.308,1.7,2.2,0.798,0.5,2.6,3.2,5.1,1.3,0.2,1.8,10.1,13.3
1641764,129,Brandin Podziemski,1610612744,GSW,50,25.4,3.8,8.9,0.427,1.4,4.3,0.319,1.1,1.5,0.757,1.0,3.8,4.9,3.4,1.1,0.2,1.1,10.1,13.1
1628449,130,Chris Boucher,1610612761,TOR,50,17.2,3.6,7.4,0.492,1.4,3.9,0.363,1.4,1.7,0.782,1.4,3.1,4.5,0.7,0.5,0.5,0.6,10.0,11.4
1630541,131,Moses Moody,1610612744,GSW,59,21.4,3.4,7.6,0.448,1.8,4.5,0.393,1.5,1.9,0.782,0.6,1.8,2.5,1.2,0.6,0.4,0.7,10.0,9.5
1630533,132,Ziaire Williams,1610612751,BKN,53,24.6,3.4,8.3,0.411,1.6,4.6,0.337,1.6,2.0,0.829,1.1,3.7,4.8,1.4,1.0,0.4,1.0,10.0,11.4
1641729,133,Brice Sensabaugh,1610612762,UTA,57,18.8,3.6,7.9,0.454,1.9,4.8,0.399,0.8,0.9,0.904,0.6,2.1,2.7,1.4,0.6,0.1,1.5,9.9,8.7
1630167,134,Obi Toppin,1610612754,IND,63,19.1,3.8,7.2,0.529,1.2,3.5,0.335,1.2,1.5,0.793,0.7,3.3,4.0,1.6,0.6,0.3,0.8,9.9,11.9
1629652,135,Luguentz Dort,1610612760,OKC,62,29.1,3.5,8.3,0.424,2.3,5.7,0.396,0.5,0.7,0.75,1.4,2.8,4.2,1.6,1.1,0.6,0.7,9.9,11.7
1627777,136,Georges Niang,1610612737,ATL,66,21.8,3.5,7.7,0.459,2.0,5.0,0.393,0.6,0.8,0.8,0.7,3.1,3.8,1.5,0.4,0.2,0.9,9.7,10.2
1630577,137,Julian Champagnie,1610612759,SAS,66,23.2,3.3,7.9,0.418,2.1,5.7,0.362,0.9,1.0,0.899,0.8,3.0,3.8,1.3,0.8,0.4,0.9,9.6,10.3
1630175,138,Cole Anthony,1610612753,ORL,61,18.6,3.5,8.3,0.423,1.1,3.2,0.349,1.4,1.7,0.821,0.7,2.3,3.0,2.9,0.7,0.4,1.6,9.6,9.9
1628379,139,Luke Kennard,1610612763,MEM,53,22.5,3.4,7.0,0.485,1.9,4.3,0.454,0.9,1.0,0.885,0.6,2.2,2.8,3.4,0.7,0.1,1.1,9.6,11.7
1629645,140,Kevin Porter Jr.,1610612749,MIL,60,18.8,3.7,8.5,0.44,0.6,2.2,0.284,1.5,2.0,0.733,0.6,2.9,3.4,3.2,1.0,0.2,1.9,9.5,10.3
1642261,141,Dalton Knecht,1610612747,LAL,63,20.6,3.5,7.5,0.465,1.7,4.6,0.366,0.8,1.1,0.754,0.5,2.5,3.0,0.9,0.3,0.1,0.5,9.5,9.0
1631108,142,Max Christie,1610612742,DAL,65,27.2,3.2,7.4,0.43,1.5,4.1,0.375,1.6,1.8,0.842,0.5,2.6,3.1,1.9,0.8,0.4,1.0,9.5,10.2
1630540,143,Miles McBride,1610612752,NYK,56,24.6,3.4,8.2,0.413,1.8,4.7,0.374,0.9,1.1,0.817,0.8,1.8,2.5,2.8,1.0,0.3,0.7,9.4,10.3
1630198,144,Isaiah Joe,1610612760,OKC,60,20.9,3.3,7.7,0.424,2.4,6.0,0.392,0.5,0.7,0.775,0.5,2.0,2.5,1.5,0.7,0.2,0.5,9.4,9.2
1631124,145,Julian Strawther,1610612743,DEN,61,22.1,3.4,7.7,0.434,1.5,4.3,0.357,1.1,1.3,0.829,0.3,1.9,2.2,1.3,0.6,0.2,0.9,9.4,8.2
1626220,146,Royce O'Neale,1610612756,PHX,62,25.3,3.3,7.7,0.432,2.4,5.8,0.416,0.3,0.4,0.731,0.8,4.0,4.8,2.2,1.0,0.5,0.9,9.4,12.4
204456,147,T.J. McConnell,1610612754,IND,63,17.9,4.2,8.0,0.523,0.2,0.7,0.302,0.7,1.0,0.746,0.5,1.8,2.3,4.4,1.1,0.3,1.5,9.4,11.9
1629638,148,Nickeil Alexander-Walker,1610612750,MIN,69,25.2,3.3,7.4,0.444,1.8,4.5,0.397,0.9,1.2,0.765,0.6,2.5,3.1,2.5,0.6,0.4,1.2,9.3,10.3
1642267,149,Bub Carrington,1610612764,WAS,66,29.3,3.4,8.6,0.402,1.6,4.8,0.341,0.8,1.0,0.841,0.4,3.5,4.0,4.1,0.7,0.2,1.6,9.3,11.4
1630592,150,Jalen Wilson,1610612751,BKN,67,26.0,3.1,7.7,0.398,1.4,4.4,0.324,1.7,2.0,0.83,1.0,2.3,3.3,1.8,0.5,0.0,1.1,9.2,8.8
1641744,151,Zach Edey,1610612763,MEM,53,20.8,3.8,6.6,0.575,0.3,0.8,0.356,1.3,1.8,0.705,3.5,4.2,7.8,0.9,0.5,1.2,1.3,9.2,14.9
203110,152,Draymond Green,1610612744,GSW,53,28.9,3.2,7.4,0.43,1.2,3.4,0.337,1.6,2.4,0.685,1.1,5.0,6.1,5.8,1.4,1.0,2.5,9.2,15.9
1630590,153,Scotty Pippen Jr.,1610612763,MEM,67,20.4,3.4,7.1,0.47,1.0,2.7,0.369,1.4,2.0,0.708,0.8,2.4,3.2,4.3,1.3,0.4,1.7,9.1,12.3
1641733,154,Nick Smith Jr.,1610612766,CHA,48,22.0,3.5,9.0,0.394,1.6,4.9,0.322,0.5,0.5,0.923,0.2,1.8,2.0,2.1,0.3,0.1,1.3,9.1,6.8
1630172,155,Patrick Williams,1610612741,CHI,48,25.8,3.2,8.4,0.382,1.5,4.4,0.351,1.1,1.4,0.739,0.7,3.2,3.9,2.0,0.8,0.6,1.3,9.0,9.4
1641710,156,Anthony Black,1610612753,ORL,65,23.7,3.1,7.5,0.415,0.7,2.3,0.316,2.0,2.7,0.746,0.6,2.1,2.7,3.0,1.0,0.5,1.7,9.0,9.5
1628976,157,Wendell Carter Jr.,1610612753,ORL,56,25.9,3.2,7.1,0.455,0.5,2.2,0.216,2.0,2.7,0.737,2.2,5.3,7.4,2.1,0.7,0.5,1.1,8.9,14.0
203991,158,Clint Capela,1610612737,ATL,55,21.4,4.0,7.1,0.559,0.0,0.0,0.0,0.9,1.8,0.536,3.2,5.4,8.5,1.1,0.6,1.0,0.9,8.9,15.3
1642274,159,Yves Missi,1610612740,NOP,63,27.0,3.6,6.6,0.543,0.0,0.0,0.0,1.6,2.6,0.636,3.5,4.5,8.0,1.3,0.6,1.3,1.2,8.8,14.9
1631170,160,Jaime Jaquez Jr.,1610612748,MIA,55,21.6,3.2,7.1,0.446,0.6,1.9,0.304,1.8,2.4,0.759,1.2,3.2,4.5,2.5,1.0,0.2,1.5,8.8,10.8
203484,161,Kentavious Caldwell-Pope,1610612753,ORL,65,30.2,3.1,7.3,0.428,1.4,4.3,0.319,1.1,1.3,0.869,0.4,1.7,2.1,1.8,1.3,0.5,0.8,8.7,9.2
101108,162,Chris Paul,1610612759,SAS,66,28.2,2.9,7.0,0.418,1.7,4.6,0.373,1.2,1.2,0.939,0.4,3.2,3.6,7.8,1.3,0.2,1.5,8.7,16.0
1628989,163,Kevin Huerter,1610612741,CHI,56,22.4,3.2,8.1,0.399,1.7,5.4,0.312,0.6,0.8,0.721,0.5,2.4,2.9,1.9,0.9,0.3,1.0,8.7,8.6
1642273,164,Kyshawn George,1610612764,WAS,60,27.3,2.9,8.0,0.367,1.7,5.4,0.324,1.1,1.4,0.768,0.7,3.5,4.2,2.5,1.0,0.8,1.5,8.7,10.3
1642276,165,Kel'el Ware,1610612748,MIA,49,20.7,3.6,6.7,0.541,0.6,1.8,0.322,0.8,1.1,0.698,1.6,4.9,6.6,0.9,0.6,1.0,0.9,8.6,13.4
1631213,166,Tyrese Martin,1610612751,BKN,50,21.4,3.1,7.7,0.407,1.6,4.6,0.353,0.7,0.9,0.761,1.0,2.6,3.6,1.8,0.5,0.2,1.2,8.6,8.7
1642271,167,Kyle Filipowski,1610612762,UTA,58,19.6,3.2,6.1,0.515,1.0,2.5,0.393,1.2,1.9,0.64,1.4,4.0,5.4,2.0,0.6,0.2,1.3,8.5,11.8
201143,168,Al Horford,1610612738,BOS,52,27.4,3.1,7.3,0.419,1.8,5.0,0.363,0.5,0.6,0.9,1.2,4.7,5.9,2.0,0.6,0.9,0.8,8.5,12.9
1629634,169,Brandon Clarke,1610612763,MEM,62,19.0,3.7,6.0,0.62,0.0,0.3,0.059,0.9,1.4,0.69,2.0,3.2,5.1,1.0,0.8,0.6,0.6,8.4,12.6
201144,170,Mike Conley,1610612750,MIN,58,24.7,2.6,6.7,0.393,1.8,4.5,0.408,1.2,1.3,0.92,0.5,2.1,2.6,4.5,1.2,0.2,1.1,8.3,11.5
1631165,171,Keon Ellis,1610612758,SAC,64,23.1,2.8,5.8,0.484,1.7,3.9,0.429,0.9,1.1,0.855,0.8,1.8,2.5,1.3,1.4,0.8,0.8,8.2,10.3
1630188,172,Jalen Smith,1610612741,CHI,57,15.2,2.9,6.4,0.463,1.2,3.6,0.332,1.1,1.4,0.823,1.4,4.2,5.6,1.0,0.3,0.7,0.6,8.2,11.5
1627827,173,Dorian Finney-Smith,1610612747,LAL,49,28.4,3.0,6.8,0.438,1.8,4.7,0.387,0.5,0.8,0.649,1.4,2.6,4.0,1.3,0.9,0.3,0.9,8.2,9.8
1627752,174,Taurean Prince,1610612749,MIL,65,26.8,2.9,6.4,0.451,1.9,4.2,0.447,0.5,0.5,0.857,0.5,3.3,3.8,2.0,0.9,0.2,1.0,8.2,10.3
1641717,175,Cason Wallace,1610612760,OKC,58,27.5,3.3,7.1,0.465,1.1,3.1,0.346,0.4,0.5,0.833,1.0,2.4,3.4,2.5,1.8,0.5,0.8,8.1,11.6
1630548,176,Johnny Juzang,1610612762,UTA,50,18.5,2.8,6.7,0.42,1.7,4.6,0.362,0.8,0.9,0.826,0.6,2.2,2.8,0.9,0.5,0.1,0.5,8.1,7.9
1630625,177,Dalano Banton,1610612757,POR,53,14.9,2.8,6.7,0.415,1.1,2.9,0.361,1.2,1.8,0.71,0.4,1.5,1.9,2.0,0.6,0.4,1.2,7.8,7.2
1630551,178,Justin Champagnie,1610612764,WAS,47,19.3,3.0,5.9,0.5,1.1,2.9,0.381,0.8,1.1,0.736,1.6,3.4,5.0,0.9,1.0,0.6,0.8,7.8,11.3
1642268,179,Isaiah Collier,1610612762,UTA,60,25.1,3.0,7.3,0.414,0.5,2.2,0.237,1.3,1.9,0.664,0.4,2.8,3.2,6.2,0.9,0.2,3.0,7.8,10.4
1630573,180,Sam Hauser,1610612738,BOS,58,20.7,2.7,6.2,0.442,2.1,5.3,0.403,0.1,0.1,1.0,0.7,2.4,3.1,0.9,0.6,0.2,0.3,7.7,8.6
1631212,181,Peyton Watson,1610612743,DEN,55,23.3,2.8,6.0,0.466,0.7,2.0,0.361,1.4,1.9,0.729,0.7,2.5,3.2,1.5,0.8,1.2,0.9,7.7,9.8
1629048,182,Goga Bitadze,1610612753,ORL,58,21.3,3.1,5.0,0.624,0.1,0.4,0.13,1.2,1.9,0.637,2.4,4.5,6.9,2.0,0.7,1.5,1.1,7.5,14.9
1631260,183,AJ Green,1610612749,MIL,59,22.6,2.5,5.9,0.425,2.1,5.1,0.419,0.3,0.4,0.864,0.2,2.0,2.2,1.4,0.6,0.1,0.5,7.5,7.8
1641783,184,Tristan da Silva,1610612753,ORL,65,22.8,2.8,6.6,0.417,1.1,3.4,0.335,0.8,0.9,0.864,1.0,2.4,3.4,1.5,0.4,0.2,0.8,7.4,8.3
1630182,185,Josh Green,1610612766,CHA,61,28.6,2.6,6.2,0.425,1.4,3.7,0.388,0.7,1.0,0.672,0.9,1.8,2.7,1.6,1.2,0.2,0.9,7.4,8.2
1641824,186,Matas Buzelis,1610612741,CHI,65,16.9,2.7,6.2,0.432,1.0,3.0,0.323,0.9,1.1,0.845,0.7,2.4,3.1,0.8,0.3,0.9,0.8,7.3,7.8
1630241,187,Sam Merrill,1610612739,CLE,58,19.4,2.4,5.9,0.406,1.9,5.2,0.371,0.5,0.5,0.966,0.5,1.6,2.0,1.4,0.7,0.2,0.4,7.2,7.5
1629611,188,Terance Mann,1610612737,ATL,53,20.8,2.8,5.8,0.479,0.8,2.3,0.363,0.7,1.1,0.661,1.0,1.9,2.9,1.9,0.6,0.3,0.7,7.1,8.7
1631218,189,Trayce Jackson-Davis,1610612744,GSW,53,17.3,3.0,5.3,0.573,0.0,0.0,0.0,1.0,1.7,0.591,2.1,3.4,5.5,1.9,0.4,0.7,0.8,7.1,11.8
1630643,190,Jay Huff,1610612763,MEM,53,11.9,2.5,4.8,0.514,1.3,3.2,0.415,0.7,0.9,0.771,0.5,1.6,2.1,0.6,0.2,0.9,0.5,7.0,7.7
1630558,191,Davion Mitchell,1610612748,MIA,60,26.1,2.7,5.8,0.454,1.1,2.8,0.394,0.6,0.9,0.636,0.4,1.7,2.1,4.6,0.8,0.2,1.7,7.0,9.4
1626166,192,Cameron Payne,1610612752,NYK,60,14.2,2.4,5.9,0.408,1.3,3.5,0.36,0.7,0.8,0.891,0.2,1.2,1.4,2.6,0.6,0.2,0.7,6.8,7.3
1631222,193,Jake LaRavia,1610612758,SAC,61,20.3,2.4,5.0,0.469,0.9,2.1,0.417,1.2,1.7,0.67,1.4,2.6,4.0,2.5,0.9,0.4,1.3,6.8,10.0
1628418,194,Thomas Bryant,1610612754,IND,50,14.8,2.6,5.0,0.522,0.8,2.2,0.349,0.8,0.9,0.826,1.4,2.7,4.0,1.0,0.4,0.6,0.5,6.7,9.8
1641741,195,Ricky Council IV,1610612755,PHI,58,15.3,2.2,5.6,0.4,0.7,2.6,0.282,1.4,1.7,0.835,0.7,1.7,2.4,1.2,0.5,0.2,0.6,6.6,6.6
1628380,196,Zach Collins,1610612741,CHI,49,15.2,2.3,4.7,0.498,0.5,1.7,0.31,1.2,1.4,0.884,1.5,2.7,4.3,1.7,0.5,0.5,0.8,6.4,10.1
1629312,197,Haywood Highsmith,1610612748,MIA,59,24.0,2.4,5.1,0.47,1.2,3.0,0.392,0.5,0.6,0.75,0.8,2.3,3.1,1.4,0.9,0.6,0.7,6.4,8.8
1642347,198,Jamal Shead,1610612761,TOR,62,18.2,2.5,5.8,0.421,0.9,2.6,0.346,0.5,0.7,0.744,0.4,1.0,1.3,3.8,0.6,0.1,1.5,6.3,7.1
1627780,199,Gary Payton II,1610612744,GSW,54,14.5,2.7,4.6,0.574,0.4,1.5,0.304,0.5,0.7,0.73,0.9,2.1,2.9,1.3,0.7,0.3,0.6,6.3,8.8
1641842,200,Ronald Holland II,1610612765,DET,68,15.4,2.3,5.1,0.454,0.4,1.9,0.22,1.1,1.4,0.793,0.5,2.1,2.6,0.9,0.6,0.1,0.8,6.1,6.5
1626168,201,Trey Lyles,1610612758,SAC,54,18.2,2.1,5.2,0.408,1.2,3.4,0.344,0.7,1.0,0.685,1.1,3.4,4.4,1.1,0.6,0.4,0.6,6.1,8.6
1627739,202,Kris Dunn,1610612746,LAC,60,24.1,2.5,5.9,0.428,0.9,2.9,0.303,0.2,0.3,0.563,0.8,2.7,3.5,3.1,1.8,0.4,1.0,6.1,10.3
1642346,203,Ryan Dunn,1610612756,PHX,60,17.3,2.4,5.7,0.427,0.9,3.1,0.297,0.3,0.5,0.484,0.9,2.2,3.1,0.8,0.5,0.6,0.4,6.0,7.0
1631323,204,Simone Fontecchio,1610612765,DET,61,16.9,2.0,5.1,0.392,1.0,3.1,0.323,1.0,1.3,0.818,0.7,2.3,3.0,1.0,0.4,0.2,0.8,6.0,6.5
1629216,205,Gabe Vincent,1610612747,LAL,57,21.1,2.2,5.6,0.394,1.4,4.0,0.339,0.2,0.3,0.688,0.2,0.9,1.2,1.5,0.7,0.2,0.6,6.0,5.5
1642270,206,Donovan Clingan,1610612757,POR,54,18.1,2.5,4.6,0.545,0.1,0.6,0.258,0.9,1.4,0.613,2.9,4.4,7.3,1.0,0.5,1.6,1.2,6.0,12.6
1629003,207,Shake Milton,1610612747,LAL,49,15.2,2.1,4.6,0.471,0.8,2.0,0.374,0.8,1.0,0.804,0.5,1.4,1.9,1.9,0.4,0.1,0.7,5.9,6.9
1630191,208,Isaiah Stewart,1610612765,DET,62,19.8,2.4,4.3,0.547,0.2,0.7,0.295,1.0,1.3,0.756,1.9,3.7,5.6,1.7,0.4,1.4,1.0,5.9,11.7
203552,209,Seth Curry,1610612766,CHA,56,14.5,2.2,4.7,0.46,1.1,2.6,0.444,0.4,0.4,0.8,0.4,1.2,1.6,0.7,0.4,0.1,0.4,5.8,5.7
1629750,210,Javonte Green,1610612739,CLE,55,20.7,2.0,4.5,0.451,0.8,2.2,0.361,1.0,1.3,0.746,0.9,2.5,3.5,0.9,1.0,0.5,0.5,5.8,8.4
1641767,211,Ben Sheppard,1610612754,IND,52,20.0,2.1,4.8,0.434,1.2,3.3,0.357,0.4,0.4,0.913,0.7,2.0,2.7,1.3,0.6,0.2,0.3,5.8,7.5
1629026,212,Kenrich Williams,1610612760,OKC,54,15.0,2.2,4.6,0.486,0.9,2.3,0.373,0.4,0.5,0.808,0.9,2.3,3.3,1.2,0.6,0.1,0.5,5.7,7.9
1630526,213,Jeremiah Robinson-Earl,1610612740,NOP,52,17.4,2.1,4.7,0.453,0.8,2.2,0.339,0.7,0.8,0.841,1.6,2.9,4.5,1.2,0.6,0.1,0.6,5.7,8.7
1631204,214,Marcus Sasser,1610612765,DET,48,13.3,2.1,4.6,0.464,0.9,2.4,0.368,0.5,0.6,0.839,0.3,0.8,1.1,2.2,0.6,0.1,0.9,5.7,6.3
1628371,215,Jonathan Isaac,1610612753,ORL,60,15.8,2.0,4.8,0.415,0.6,2.4,0.27,1.0,1.5,0.67,1.7,2.9,4.6,0.5,0.9,1.1,0.4,5.6,8.9
1629659,216,Talen Horton-Tucker,1610612741,CHI,48,11.3,2.0,4.6,0.447,0.7,2.0,0.368,0.8,1.1,0.691,0.3,1.4,1.7,1.3,0.3,0.2,0.7,5.6,5.6
1641716,217,Jarace Walker,1610612754,IND,59,15.3,2.0,4.4,0.456,0.8,2.2,0.364,0.7,1.0,0.639,0.4,2.5,2.9,1.4,0.8,0.4,1.0,5.5,7.1
1629731,218,Dean Wade,1610612739,CLE,47,21.6,1.9,4.7,0.405,1.3,3.9,0.343,0.3,0.5,0.52,1.0,3.7,4.6,1.4,0.8,0.4,0.4,5.4,9.1
1642367,219,Jonathan Mogbo,1610612761,TOR,49,17.9,2.1,4.6,0.451,0.3,1.0,0.298,0.9,1.3,0.703,1.6,2.6,4.1,1.6,0.8,0.5,0.9,5.3,8.6
1628436,220,Luke Kornet,1610612738,BOS,60,18.1,2.2,3.3,0.667,0.0,0.0,0.0,0.9,1.3,0.705,2.4,2.7,5.1,1.6,0.5,1.0,0.4,5.3,11.6
1628988,221,Aaron Holiday,1610612745,HOU,51,12.8,1.8,4.3,0.429,1.1,2.8,0.383,0.6,0.7,0.816,0.2,1.1,1.3,1.3,0.3,0.1,0.6,5.3,5.2
1631217,222,Moussa Diabaté,1610612766,CHA,58,18.0,2.2,3.7,0.585,0.0,0.0,0.0,0.9,1.5,0.584,2.9,3.6,6.5,0.9,0.7,0.6,0.9,5.3,10.8
1642275,223,Tidjane Salaun,1610612766,CHA,48,19.1,1.7,5.3,0.319,0.9,3.2,0.289,1.0,1.3,0.719,1.2,3.0,4.2,1.1,0.5,0.3,0.9,5.3,6.4
1629234,224,Drew Eubanks,1610612746,LAC,50,13.7,2.1,3.5,0.593,0.1,0.1,0.5,0.9,1.3,0.657,1.1,3.0,4.1,1.0,0.2,0.7,0.7,5.1,8.5
203937,225,Kyle Anderson,1610612748,MIA,49,14.9,2.0,4.4,0.45,0.4,1.2,0.367,0.7,1.0,0.702,0.9,2.3,3.2,2.2,0.6,0.5,0.6,5.1,8.3
1629674,226,Neemias Queta,1610612738,BOS,52,14.5,2.2,3.4,0.642,0.0,0.1,0.0,0.8,1.0,0.736,1.5,2.5,3.9,0.7,0.3,0.7,0.7,5.1,8.5
1626172,227,Kevon Looney,1610612744,GSW,61,15.6,2.0,4.0,0.51,0.0,0.0,0.0,0.8,1.3,0.573,2.7,3.8,6.5,1.7,0.7,0.5,0.6,4.9,11.0
1631133,228,Jabari Walker,1610612757,POR,50,11.8,1.8,3.5,0.506,0.5,1.2,0.383,0.7,1.0,0.654,1.0,2.5,3.5,0.6,0.6,0.1,0.5,4.7,6.9
1641763,229,Julian Phillips,1610612741,CHI,65,14.0,1.6,3.6,0.44,0.6,1.9,0.331,0.8,1.1,0.771,0.9,1.2,2.1,0.5,0.4,0.3,0.4,4.6,5.3
203486,230,Mason Plumlee,1610612756,PHX,67,17.9,1.7,2.8,0.614,0.0,0.0,0.0,1.1,1.7,0.646,1.6,4.7,6.3,1.8,0.4,0.6,0.8,4.6,11.3
1641724,231,Jett Howard,1610612753,ORL,55,11.2,1.5,4.2,0.357,0.9,3.0,0.295,0.3,0.4,0.75,0.4,0.8,1.2,0.7,0.2,0.2,0.5,4.1,3.2
1631200,232,Kris Murray,1610612757,POR,56,13.8,1.7,3.7,0.45,0.4,1.5,0.256,0.3,0.8,0.409,1.1,1.3,2.3,0.8,0.5,0.2,0.6,4.1,4.9
1631207,233,Dalen Terry,1610612741,CHI,60,12.5,1.5,3.2,0.461,0.4,1.2,0.347,0.7,1.0,0.678,0.5,0.9,1.4,1.2,0.5,0.2,0.7,4.1,4.7
1641737,234,Adem Bona,1610612755,PHI,47,12.4,1.5,2.2,0.683,0.0,0.0,0.0,1.0,1.4,0.682,1.3,2.0,3.3,0.3,0.3,0.9,0.7,4.0,6.9
201587,235,Nicolas Batum,1610612746,LAC,66,18.0,1.3,3.1,0.413,1.1,2.6,0.41,0.2,0.3,0.833,0.7,2.2,2.8,1.2,0.7,0.5,0.4,3.9,6.7
1641765,236,Olivier-Maxence Prosper,1610612742,DAL,52,11.2,1.3,3.3,0.402,0.2,1.0,0.235,0.9,1.5,0.645,0.8,1.6,2.4,0.8,0.5,0.1,0.3,3.9,4.9
203500,237,Steven Adams,1610612745,HOU,48,12.9,1.5,2.8,0.522,0.0,0.0,0.0,0.7,1.6,0.423,2.8,2.6,5.4,1.3,0.4,0.4,0.9,3.6,7.9
1641748,238,Andre Jackson Jr.,1610612749,MIL,58,15.6,1.5,3.1,0.467,0.5,1.3,0.397,0.2,0.3,0.556,1.0,1.9,2.9,1.3,0.5,0.2,0.9,3.6,5.9
1630579,239,Jericho Sims,1610612749,MIL,52,11.9,0.9,1.3,0.652,0.0,0.0,0.0,0.2,0.3,0.615,1.3,2.4,3.7,0.6,0.2,0.3,0.6,1.9,5.6
=======
1628983,1,Shai Gilgeous-Alexander,1610612760,OKC,64,34.3,11.3,21.5,0.525,2.2,5.8,0.371,8.0,8.9,0.9,0.9,4.2,5.1,6.2,1.8,1.0,2.6,32.8,33.3
203507,2,Giannis Antetokounmpo,1610612749,MIL,53,33.8,12.2,20.2,0.603,0.2,0.8,0.182,6.1,10.2,0.594,2.3,9.8,12.1,5.9,0.8,1.2,3.3,30.5,35.1
203999,3,Nikola Jokić,1610612743,DEN,61,36.5,11.0,19.2,0.576,1.9,4.5,0.422,5.0,6.2,0.803,2.9,10.0,12.8,10.3,1.8,0.7,3.3,29.0,41.9
1628369,4,Jayson Tatum,1610612738,BOS,62,36.6,9.3,20.4,0.455,3.6,10.3,0.355,5.1,6.3,0.81,0.7,8.1,8.8,5.8,1.1,0.5,3.0,27.3,28.2
1630162,5,Anthony Edwards,1610612750,MIN,65,36.5,9.0,20.4,0.442,4.1,10.0,0.406,5.2,6.2,0.835,0.8,5.2,5.9,4.6,1.1,0.6,3.3,27.2,23.8
201142,6,Kevin Durant,1610612756,PHX,54,37.1,9.7,18.3,0.528,2.5,6.0,0.417,4.9,5.8,0.832,0.4,5.7,6.1,4.3,0.9,1.3,3.1,26.7,26.6
1628973,7,Jalen Brunson,1610612752,NYK,61,35.4,9.1,18.7,0.49,2.3,6.0,0.384,5.7,7.0,0.825,0.4,2.6,3.0,7.4,1.0,0.1,2.5,26.3,24.5
1630178,8,Tyrese Maxey,1610612755,PHI,52,37.7,9.2,21.0,0.437,3.1,9.2,0.337,4.9,5.6,0.879,0.3,3.1,3.3,6.1,1.8,0.4,2.4,26.3,23.1
1630595,9,Cade Cunningham,1610612765,DET,62,35.3,9.5,20.6,0.462,2.2,6.2,0.352,4.6,5.4,0.862,0.8,5.3,6.0,9.3,1.0,0.8,4.5,25.9,26.6
1626164,10,Devin Booker,1610612756,PHX,61,37.5,8.6,18.8,0.457,2.7,7.7,0.347,6.0,6.7,0.89,1.0,3.1,4.1,6.9,1.0,0.2,2.8,25.8,24.3
203081,11,Damian Lillard,1610612749,MIL,55,36.2,7.8,17.3,0.451,3.4,9.1,0.375,6.3,6.8,0.922,0.5,4.2,4.7,7.2,1.2,0.2,2.9,25.2,25.6
2544,12,LeBron James,1610612747,LAL,58,34.9,9.6,18.5,0.517,2.3,5.9,0.384,3.6,4.7,0.77,1.0,7.2,8.2,8.5,0.9,0.6,3.9,25.0,29.3
202681,13,Kyrie Irving,1610612742,DAL,50,36.1,8.9,18.9,0.473,2.9,7.2,0.401,3.9,4.3,0.916,1.2,3.6,4.8,4.6,1.3,0.5,2.2,24.7,23.3
1630532,14,Franz Wagner,1610612753,ORL,48,33.7,9.0,19.4,0.464,1.7,5.7,0.302,4.7,5.5,0.859,1.0,4.6,5.5,4.7,1.4,0.4,2.3,24.4,22.9
201939,15,Stephen Curry,1610612744,GSW,57,32.2,8.0,17.8,0.448,4.4,11.2,0.398,3.8,4.1,0.936,0.6,3.8,4.4,6.1,1.1,0.4,2.9,24.3,23.3
1641705,16,Victor Wembanyama,1610612759,SAS,46,33.2,8.9,18.6,0.476,3.1,8.8,0.352,3.4,4.1,0.836,1.8,9.2,11.0,3.7,1.1,3.8,3.2,24.3,30.2
1628378,17,Donovan Mitchell,1610612739,CLE,60,31.3,8.4,18.6,0.451,3.5,9.0,0.384,4.0,4.9,0.819,0.7,3.6,4.3,4.8,1.3,0.2,2.1,24.2,21.7
1626157,18,Karl-Anthony Towns,1610612752,NYK,58,35.1,8.7,16.6,0.524,2.1,4.9,0.422,4.7,5.7,0.833,3.0,10.1,13.2,3.1,1.0,0.7,2.6,24.2,30.8
1629027,19,Trae Young,1610612737,ATL,62,36.2,7.3,18.2,0.402,2.7,8.5,0.322,6.5,7.5,0.872,0.5,2.7,3.2,11.5,1.1,0.2,4.8,23.9,23.1
1629639,20,Tyler Herro,1610612748,MIA,63,35.8,8.4,18.2,0.461,3.5,9.5,0.369,3.6,4.2,0.86,0.4,5.0,5.4,5.7,0.9,0.2,2.6,23.8,23.0
203897,21,Zach LaVine,1610612758,SAC,59,34.8,8.5,16.6,0.514,3.2,7.2,0.441,3.4,4.1,0.823,0.3,4.3,4.5,4.3,0.9,0.2,2.9,23.6,21.9
1628368,22,De'Aaron Fox,1610612759,SAS,62,36.1,8.7,18.8,0.463,1.9,6.1,0.31,4.2,5.1,0.827,0.9,3.9,4.8,6.3,1.5,0.4,2.8,23.5,22.8
1627759,23,Jaylen Brown,1610612738,BOS,55,35.4,8.6,18.6,0.46,1.9,5.9,0.316,4.1,5.3,0.759,1.5,4.6,6.1,4.7,1.3,0.3,2.7,23.0,21.4
1628991,24,Jaren Jackson Jr.,1610612763,MEM,60,29.4,8.1,16.4,0.496,1.9,5.2,0.369,4.4,5.7,0.773,1.3,4.5,5.8,2.1,1.3,1.7,2.1,22.6,21.8
201935,25,James Harden,1610612746,LAC,64,35.1,6.5,16.5,0.395,3.0,8.7,0.343,6.4,7.3,0.87,0.7,5.2,5.8,8.7,1.5,0.6,4.5,22.4,23.6
201942,26,DeMar DeRozan,1610612758,SAC,61,35.9,8.1,16.6,0.489,1.1,3.1,0.351,4.9,5.6,0.876,0.6,3.4,4.0,4.1,0.9,0.4,1.4,22.2,20.9
1630530,27,Trey Murphy III,1610612740,NOP,51,35.6,7.3,16.1,0.454,3.0,8.4,0.361,4.0,4.5,0.886,0.9,4.2,5.1,3.6,1.1,0.7,2.0,21.6,21.0
1629628,28,RJ Barrett,1610612761,TOR,52,32.9,8.0,17.0,0.472,1.9,5.3,0.359,3.5,5.4,0.649,1.0,5.4,6.5,5.7,0.8,0.3,3.0,21.5,20.8
1627750,29,Jamal Murray,1610612743,DEN,60,36.4,7.9,16.7,0.473,2.4,6.0,0.398,3.3,3.7,0.887,0.6,3.1,3.8,6.1,1.4,0.5,2.1,21.5,21.9
1628970,30,Miles Bridges,1610612766,CHA,52,32.5,7.7,17.4,0.442,2.3,7.1,0.332,3.6,4.2,0.867,1.1,6.7,7.9,3.9,0.8,0.8,2.1,21.4,22.3
1631114,31,Jalen Williams,1610612760,OKC,61,32.6,8.1,16.9,0.478,1.8,5.0,0.362,3.3,4.2,0.791,0.9,4.6,5.5,5.3,1.7,0.7,2.2,21.3,22.5
203468,32,CJ McCollum,1610612740,NOP,51,32.8,7.9,17.7,0.448,3.1,8.1,0.381,2.3,3.1,0.734,0.7,3.0,3.7,3.9,0.7,0.5,1.8,21.2,17.6
1630224,33,Jalen Green,1610612745,HOU,67,33.2,7.5,17.6,0.426,2.9,8.2,0.358,3.3,3.9,0.83,0.5,4.0,4.5,3.3,0.9,0.3,2.6,21.1,16.9
1629636,34,Darius Garland,1610612739,CLE,62,30.4,7.5,15.7,0.476,2.9,7.2,0.408,3.1,3.6,0.882,0.6,2.0,2.6,6.7,1.2,0.2,2.4,21.0,20.6
1629673,34,Jordan Poole,1610612764,WAS,55,30.9,6.8,16.2,0.421,3.5,9.4,0.374,3.8,4.3,0.879,0.5,2.8,3.3,4.7,1.4,0.5,3.2,21.0,17.7
1627783,36,Pascal Siakam,1610612754,IND,65,32.8,8.0,15.3,0.525,1.7,4.3,0.399,3.1,4.1,0.746,1.7,5.5,7.2,3.3,0.9,0.5,1.4,20.9,23.1
1630567,37,Scottie Barnes,1610612761,TOR,52,33.9,7.4,16.7,0.444,1.2,4.6,0.265,3.6,4.7,0.771,1.7,6.2,7.9,5.9,1.5,1.1,2.8,19.7,22.8
1627734,38,Domantas Sabonis,1610612758,SAC,57,35.2,7.6,12.9,0.592,1.0,2.4,0.425,3.2,4.2,0.751,3.9,10.2,14.1,6.3,0.6,0.4,3.0,19.4,31.5
1629014,39,Anfernee Simons,1610612757,POR,63,32.8,6.9,16.0,0.43,3.1,8.3,0.369,2.5,2.7,0.908,0.3,2.4,2.8,4.8,0.9,0.1,2.1,19.3,16.4
1629632,40,Coby White,1610612741,CHI,59,33.0,6.6,15.0,0.438,3.0,8.3,0.363,3.1,3.5,0.902,0.3,3.2,3.5,4.5,1.0,0.2,2.3,19.3,17.4
1630559,41,Austin Reaves,1610612747,LAL,58,34.5,6.1,13.9,0.442,2.6,7.1,0.364,4.4,5.0,0.873,0.9,3.6,4.4,5.9,1.1,0.3,2.4,19.2,20.2
1630578,42,Alperen Sengun,1610612745,HOU,63,31.4,7.5,15.0,0.501,0.3,1.3,0.244,3.8,5.5,0.693,3.4,7.0,10.4,4.9,1.1,0.8,2.6,19.2,24.6
203944,43,Julius Randle,1610612750,MIN,55,32.4,6.6,13.9,0.475,1.5,4.6,0.323,4.3,5.2,0.819,2.2,5.0,7.2,4.7,0.7,0.2,2.9,18.9,20.6
1629661,44,Cameron Johnson,1610612751,BKN,50,31.8,6.3,13.1,0.478,2.9,7.3,0.402,3.4,3.9,0.881,0.9,3.3,4.2,3.0,1.0,0.5,1.6,18.8,18.6
202696,45,Nikola Vučević,1610612741,CHI,58,31.8,7.7,14.4,0.534,1.7,4.5,0.386,1.7,2.1,0.811,2.3,7.9,10.2,3.3,0.8,0.6,1.7,18.8,24.9
1630596,46,Evan Mobley,1610612739,CLE,59,30.3,7.2,12.6,0.568,1.1,3.0,0.369,3.2,4.3,0.742,2.3,7.1,9.3,3.1,0.8,1.6,2.0,18.6,24.9
1630217,47,Desmond Bane,1610612763,MEM,55,31.5,6.9,14.3,0.482,2.2,5.8,0.373,2.6,2.9,0.877,1.0,5.2,6.2,5.5,1.2,0.5,2.5,18.6,21.5
1630169,48,Tyrese Haliburton,1610612754,IND,61,33.9,6.4,13.8,0.466,3.0,7.8,0.387,2.5,2.9,0.86,0.6,2.9,3.5,9.0,1.5,0.6,1.7,18.4,23.4
1629008,49,Michael Porter Jr.,1610612743,DEN,64,33.7,6.9,13.7,0.506,2.5,6.3,0.399,1.9,2.5,0.748,1.8,5.1,6.9,2.1,0.6,0.4,1.3,18.2,19.6
1629012,50,Collin Sexton,1610612762,UTA,52,28.0,6.4,13.6,0.469,1.8,4.5,0.397,3.5,3.9,0.878,1.1,1.8,2.9,4.2,0.7,0.1,2.6,18.0,15.5
203952,51,Andrew Wiggins,1610612748,MIA,53,31.0,6.2,14.1,0.44,2.2,5.9,0.367,3.4,4.4,0.771,1.5,3.1,4.6,2.5,1.0,0.8,1.6,17.9,16.3
1629631,52,De'Andre Hunter,1610612739,CLE,50,27.7,5.7,12.1,0.47,2.6,6.2,0.416,3.9,4.6,0.855,0.7,3.3,4.0,1.5,0.7,0.2,1.4,17.8,15.8
203078,53,Bradley Beal,1610612756,PHX,47,32.5,6.7,13.3,0.506,2.0,4.9,0.398,2.2,2.7,0.813,0.7,2.7,3.4,3.7,1.0,0.5,1.9,17.6,17.3
1628389,54,Bam Adebayo,1610612748,MIA,64,34.5,6.8,13.8,0.488,0.8,2.6,0.308,3.2,4.2,0.756,2.5,7.5,10.0,4.4,1.3,0.7,2.1,17.5,23.6
1628370,55,Malik Monk,1610612758,SAC,55,32.6,6.5,14.9,0.437,2.1,6.8,0.314,2.4,2.8,0.863,0.5,3.4,3.9,5.8,1.0,0.6,2.4,17.5,17.7
1631101,56,Shaedon Sharpe,1610612757,POR,59,30.5,6.5,14.6,0.449,2.0,6.2,0.318,2.4,3.1,0.8,0.9,3.2,4.1,2.6,0.7,0.2,2.0,17.5,14.6
1628969,57,Mikal Bridges,1610612752,NYK,65,37.8,7.2,14.6,0.495,2.1,6.0,0.35,0.9,1.2,0.763,0.9,2.3,3.2,3.5,0.9,0.6,1.5,17.5,16.5
1641718,58,Keyonte George,1610612762,UTA,53,31.4,5.4,13.8,0.394,2.6,7.7,0.343,3.4,4.2,0.796,0.4,3.4,3.8,5.9,0.7,0.2,2.8,16.8,15.4
1628401,59,Derrick White,1610612738,BOS,64,33.8,5.7,12.8,0.445,3.5,9.0,0.389,1.8,2.1,0.847,0.9,3.5,4.3,4.4,1.0,1.1,1.6,16.7,18.4
1628384,60,OG Anunoby,1610612752,NYK,59,36.7,6.2,13.2,0.468,2.2,6.1,0.365,2.1,2.6,0.794,1.4,3.4,4.8,2.2,1.4,0.9,1.4,16.6,17.0
1627736,61,Malik Beasley,1610612765,DET,67,27.4,5.7,12.9,0.44,3.9,9.3,0.421,1.1,1.7,0.649,0.6,2.2,2.7,1.7,1.0,0.1,1.0,16.3,13.0
1627826,62,Ivica Zubac,1610612746,LAC,65,32.7,7.2,11.5,0.625,0.0,0.0,0.0,1.8,2.8,0.636,3.7,8.8,12.4,2.5,0.7,1.2,1.6,16.2,26.1
1631097,63,Bennedict Mathurin,1610612754,IND,59,30.4,5.6,12.0,0.467,1.4,4.1,0.356,3.4,4.1,0.831,1.2,4.2,5.4,1.9,0.6,0.4,1.9,16.0,15.3
1630170,64,Devin Vassell,1610612759,SAS,50,30.7,6.1,14.0,0.438,2.3,6.5,0.35,1.5,1.9,0.787,0.6,3.2,3.8,2.9,1.3,0.5,1.4,16.0,14.9
1626167,65,Myles Turner,1610612754,IND,58,30.7,5.5,11.5,0.476,2.2,5.4,0.399,2.4,3.1,0.775,1.2,5.3,6.5,1.6,0.8,1.8,1.7,15.5,17.8
1630166,66,Deni Avdija,1610612757,POR,61,29.0,5.0,10.8,0.466,1.5,4.3,0.347,3.7,4.9,0.768,1.3,5.4,6.7,3.6,0.9,0.5,2.6,15.3,17.6
1631128,67,Christian Braun,1610612743,DEN,66,33.5,5.9,10.4,0.57,1.1,2.8,0.387,2.3,2.8,0.826,1.2,3.8,5.1,2.4,1.1,0.5,0.9,15.3,18.5
1626162,68,Kelly Oubre Jr.,1610612755,PHI,60,34.6,5.8,12.4,0.47,1.2,4.0,0.293,2.3,3.1,0.751,1.6,4.5,6.1,1.8,1.5,0.5,1.3,15.1,16.4
1628398,69,Kyle Kuzma,1610612749,MIL,48,29.6,5.7,13.4,0.423,1.4,4.7,0.288,2.0,3.3,0.628,0.8,5.4,6.2,2.3,0.5,0.2,2.3,14.7,12.7
1629675,70,Naz Reid,1610612750,MIN,67,28.0,5.5,11.8,0.463,2.3,5.9,0.391,1.5,1.9,0.78,1.1,5.0,6.1,2.2,0.7,1.0,1.3,14.7,16.7
1628404,71,Josh Hart,1610612752,NYK,62,37.9,5.5,10.3,0.539,1.1,3.3,0.337,2.3,2.9,0.792,2.2,7.6,9.8,5.6,1.4,0.4,2.1,14.5,24.2
203924,72,Jerami Grant,1610612757,POR,47,32.4,4.6,12.2,0.373,2.3,6.3,0.365,3.0,3.5,0.849,0.6,2.9,3.5,2.1,0.9,1.0,1.4,14.4,12.3
1641711,73,Gradey Dick,1610612761,TOR,54,29.4,4.9,12.0,0.41,2.1,6.0,0.35,2.5,2.9,0.858,0.8,2.8,3.6,1.8,0.9,0.2,1.5,14.4,11.8
202691,74,Klay Thompson,1610612742,DAL,60,27.6,5.1,12.5,0.411,3.1,7.8,0.397,1.0,1.1,0.905,0.7,2.9,3.6,2.2,0.8,0.5,1.3,14.3,12.5
1627832,75,Fred VanVleet,1610612745,HOU,48,35.1,4.9,12.8,0.384,2.6,7.6,0.342,1.8,2.1,0.824,0.6,3.3,3.9,5.7,1.7,0.4,1.5,14.1,16.1
1627751,76,Jakob Poeltl,1610612761,TOR,51,29.9,6.2,10.0,0.614,0.0,0.0,0.0,1.8,2.6,0.681,3.3,6.3,9.6,2.8,1.2,1.2,1.9,14.1,22.4
1630202,77,Payton Pritchard,1610612738,BOS,66,28.0,4.9,10.5,0.468,3.3,7.8,0.415,0.9,1.1,0.857,1.3,2.4,3.7,3.4,0.9,0.2,0.9,14.0,15.5
1641708,78,Amen Thompson,1610612745,HOU,60,32.5,5.5,10.0,0.553,0.3,1.3,0.256,2.6,3.8,0.693,2.8,5.6,8.3,3.6,1.3,1.3,2.1,14.0,20.8
1630700,79,Dyson Daniels,1610612737,ATL,62,33.9,5.9,12.2,0.478,1.1,3.1,0.342,1.2,1.9,0.605,1.6,4.0,5.6,4.2,3.0,0.7,1.9,13.9,18.4
202699,80,Tobias Harris,1610612765,DET,63,32.2,5.3,11.3,0.473,1.3,3.7,0.341,2.0,2.3,0.868,1.0,5.1,6.1,2.2,1.0,0.8,1.1,13.9,16.6
1628415,81,Dillon Brooks,1610612745,HOU,63,32.1,5.0,12.0,0.419,2.4,6.2,0.395,1.3,1.7,0.81,1.1,2.7,3.8,1.7,0.8,0.2,1.0,13.8,12.1
1630581,82,Josh Giddey,1610612741,CHI,60,29.7,5.1,11.0,0.462,1.5,4.0,0.376,2.2,2.8,0.789,1.7,6.0,7.7,6.7,1.1,0.6,2.8,13.8,20.7
1626171,83,Bobby Portis,1610612749,MIL,46,25.2,5.6,12.1,0.463,1.3,3.6,0.364,1.2,1.5,0.821,1.8,6.5,8.3,2.2,0.7,0.5,1.2,13.7,17.5
1642264,84,Stephon Castle,1610612759,SAS,64,25.6,4.9,11.5,0.429,1.2,4.0,0.287,2.6,3.7,0.714,1.0,2.2,3.2,3.5,0.9,0.2,2.0,13.6,11.8
1628386,85,Jarrett Allen,1610612739,CLE,66,28.6,5.5,7.9,0.702,0.0,0.0,0.0,2.5,3.4,0.746,2.7,7.5,10.2,2.0,1.0,1.0,1.2,13.6,23.3
203471,86,Dennis Schröder,1610612765,DET,61,27.7,4.7,11.3,0.416,1.8,5.2,0.351,2.1,2.5,0.838,0.3,2.3,2.6,5.2,1.0,0.2,2.0,13.4,13.3
1629060,87,Rui Hachimura,1610612747,LAL,50,32.1,5.1,10.0,0.506,1.7,4.1,0.41,1.5,2.0,0.765,1.5,3.8,5.2,1.5,0.8,0.5,0.9,13.3,15.0
201566,88,Russell Westbrook,1610612743,DEN,60,27.8,5.0,10.7,0.465,1.3,3.7,0.341,1.8,2.9,0.64,1.5,3.6,5.0,6.0,1.4,0.5,3.1,13.0,16.1
1630703,88,Scoot Henderson,1610612757,POR,59,26.8,4.4,10.3,0.432,1.6,4.3,0.369,2.5,3.3,0.772,0.7,2.3,3.0,5.1,1.1,0.2,2.6,13.0,13.2
1626156,90,D'Angelo Russell,1610612751,BKN,51,25.6,4.4,11.0,0.401,1.9,6.1,0.32,2.1,2.5,0.848,0.3,2.5,2.8,5.1,1.0,0.4,1.9,12.8,13.2
1630168,91,Onyeka Okongwu,1610612737,ATL,60,26.6,5.1,8.8,0.572,0.5,1.6,0.296,2.1,2.8,0.741,3.1,5.4,8.4,2.2,0.9,1.0,1.1,12.7,19.6
1630583,92,Santi Aldama,1610612763,MEM,53,25.0,5.0,10.2,0.487,1.8,4.8,0.375,0.9,1.3,0.7,1.6,5.1,6.7,2.8,0.8,0.5,1.0,12.7,16.9
201572,93,Brook Lopez,1610612749,MIL,64,31.7,4.7,9.6,0.492,1.8,4.9,0.371,1.4,1.7,0.844,1.3,3.7,5.0,1.8,0.7,1.9,1.0,12.7,16.0
1630183,94,Jaden McDaniels,1610612750,MIN,68,32.5,5.0,10.3,0.481,1.3,3.9,0.338,1.3,1.6,0.827,1.6,4.3,6.0,2.0,1.5,0.9,1.1,12.6,16.1
1629640,95,Keldon Johnson,1610612759,SAS,62,23.6,4.7,9.7,0.485,1.2,3.5,0.327,2.0,2.5,0.766,1.4,3.2,4.5,1.5,0.6,0.2,0.9,12.5,12.9
1630230,96,Naji Marshall,1610612742,DAL,55,26.4,4.9,9.8,0.498,0.9,3.3,0.282,1.8,2.1,0.853,1.1,3.5,4.6,2.8,1.1,0.1,1.6,12.5,14.3
1629656,97,Quentin Grimes,1610612755,PHI,62,25.2,4.5,9.4,0.478,1.9,4.9,0.391,1.6,2.1,0.76,0.8,3.4,4.1,2.5,0.9,0.3,1.5,12.4,13.4
1641731,98,Bilal Coulibaly,1610612764,WAS,59,33.0,4.5,10.6,0.421,1.1,3.8,0.281,2.3,3.1,0.746,1.5,3.4,5.0,3.4,1.3,0.7,2.1,12.3,13.7
1629655,99,Daniel Gafford,1610612742,DAL,51,21.9,5.0,7.1,0.699,0.0,0.0,0.0,2.4,3.4,0.699,2.7,4.1,6.9,1.4,0.4,1.9,1.2,12.3,18.5
1631099,100,Keegan Murray,1610612758,SAC,63,34.6,4.7,10.8,0.44,1.9,5.8,0.332,0.9,1.0,0.831,2.0,4.7,6.7,1.4,0.8,0.9,0.8,12.3,15.1
1629660,101,Ty Jerome,1610612739,CLE,61,19.5,4.3,8.5,0.504,1.5,3.5,0.435,1.9,2.1,0.905,0.7,1.9,2.6,3.3,1.2,0.0,1.3,11.9,13.4
1642259,102,Alex Sarr,1610612764,WAS,50,26.9,4.5,11.4,0.391,1.5,4.8,0.314,1.5,2.3,0.629,1.8,4.9,6.7,2.3,0.6,1.6,1.5,11.9,13.8
1627747,103,Caris LeVert,1610612737,ATL,52,24.9,4.3,9.0,0.473,1.7,4.3,0.394,1.6,2.3,0.718,0.6,2.5,3.1,3.4,0.9,0.5,1.2,11.9,13.2
203084,104,Harrison Barnes,1610612759,SAS,65,27.4,4.1,8.0,0.505,1.7,4.0,0.43,1.9,2.4,0.774,1.4,2.5,3.9,1.7,0.4,0.2,0.6,11.8,12.7
1630557,105,Corey Kispert,1610612764,WAS,60,26.5,4.2,9.3,0.452,2.0,5.5,0.366,1.3,1.5,0.852,0.6,2.4,3.0,1.7,0.4,0.2,1.1,11.7,10.6
1642258,106,Zaccharie Risacher,1610612737,ATL,60,24.6,4.4,10.0,0.441,1.5,4.3,0.346,1.4,2.0,0.714,1.2,2.5,3.7,1.2,0.8,0.5,1.3,11.7,10.5
1628978,107,Donte DiVincenzo,1610612750,MIN,49,26.6,4.0,9.5,0.416,2.8,7.1,0.394,0.9,1.1,0.786,0.5,3.2,3.8,3.8,1.2,0.2,1.6,11.6,13.2
1627741,108,Buddy Hield,1610612744,GSW,66,23.2,4.2,10.0,0.418,2.6,6.9,0.371,0.6,0.8,0.784,0.6,2.7,3.3,1.8,0.9,0.3,1.2,11.6,10.6
1631117,109,Walker Kessler,1610612762,UTA,50,30.4,5.0,6.9,0.725,0.0,0.1,0.333,1.5,2.8,0.536,4.7,7.6,12.3,1.6,0.6,2.5,1.5,11.5,23.9
1626179,110,Terry Rozier,1610612748,MIA,57,27.0,4.2,10.5,0.401,1.5,5.0,0.305,1.6,1.8,0.857,0.7,3.1,3.8,2.7,0.6,0.2,1.3,11.5,11.1
1631105,111,Jalen Duren,1610612765,DET,64,25.9,4.8,6.8,0.699,0.0,0.0,0.0,2.0,2.9,0.689,3.5,6.9,10.4,2.5,0.8,1.2,1.8,11.5,21.6
1630598,112,Aaron Wiggins,1610612760,OKC,66,22.5,4.5,9.1,0.492,1.7,4.2,0.389,0.8,1.0,0.828,1.1,2.7,3.8,1.6,0.8,0.3,0.9,11.4,12.2
1629130,113,Duncan Robinson,1610612748,MIA,63,24.7,4.0,9.1,0.433,2.6,6.6,0.388,0.7,0.7,0.894,0.2,2.1,2.4,2.5,0.6,0.1,1.2,11.1,10.3
203497,114,Rudy Gobert,1610612750,MIN,58,33.0,4.3,6.6,0.655,0.0,0.0,0.0,2.4,3.6,0.681,3.5,6.9,10.4,1.8,0.7,1.5,1.3,11.1,20.8
202685,115,Jonas Valančiūnas,1610612758,SAC,65,20.0,4.5,8.3,0.544,0.1,0.5,0.25,1.9,2.2,0.867,2.5,5.7,8.3,2.2,0.5,0.6,1.6,11.0,17.0
201950,116,Jrue Holiday,1610612738,BOS,51,30.4,4.1,9.2,0.445,1.8,5.1,0.346,1.1,1.2,0.9,1.2,3.1,4.3,3.6,1.0,0.5,1.3,11.0,13.8
1641722,117,Jordan Hawkins,1610612740,NOP,49,23.3,3.8,9.9,0.379,2.0,5.8,0.338,1.4,1.7,0.831,0.5,2.2,2.7,1.1,0.6,0.4,1.0,10.9,8.3
1642377,118,Jaylen Wells,1610612763,MEM,67,25.9,3.8,8.8,0.435,1.8,5.0,0.362,1.3,1.7,0.811,1.1,2.2,3.3,1.7,0.6,0.1,1.0,10.8,10.2
1628960,119,Grayson Allen,1610612756,PHX,53,24.8,3.4,7.6,0.45,2.4,5.6,0.434,1.5,1.8,0.811,0.5,2.6,3.1,2.2,0.9,0.4,1.1,10.7,11.7
1641739,120,Toumani Camara,1610612757,POR,65,32.7,3.9,8.7,0.453,1.5,4.2,0.364,1.2,1.6,0.745,2.3,3.6,5.9,2.2,1.5,0.6,1.5,10.6,14.1
1629018,121,Gary Trent Jr.,1610612749,MIL,58,24.8,3.7,8.5,0.436,2.3,5.5,0.418,0.8,1.0,0.842,0.3,2.0,2.3,1.1,1.0,0.1,0.6,10.6,9.4
203915,122,Spencer Dinwiddie,1610612742,DAL,66,25.8,3.4,8.2,0.414,1.4,4.0,0.34,2.3,2.8,0.809,0.2,2.2,2.4,3.7,0.8,0.2,1.2,10.5,11.1
1627884,123,Derrick Jones Jr.,1610612746,LAC,62,24.8,4.2,8.0,0.525,1.0,2.8,0.36,1.1,1.5,0.708,1.3,2.2,3.5,0.8,1.1,0.4,0.9,10.5,11.1
203501,124,Tim Hardaway Jr.,1610612765,DET,63,28.2,3.4,8.6,0.401,2.1,5.8,0.359,1.5,1.8,0.826,0.3,2.2,2.5,1.7,0.5,0.1,0.7,10.4,9.0
1626145,125,Tyus Jones,1610612756,PHX,66,28.1,3.8,8.5,0.448,2.1,4.9,0.424,0.7,0.8,0.889,0.5,2.0,2.4,5.7,0.8,0.1,1.3,10.4,13.5
1627824,126,Guerschon Yabusele,1610612755,PHI,61,26.6,3.8,7.6,0.497,1.5,3.8,0.387,1.4,1.9,0.735,1.9,3.7,5.6,2.0,0.8,0.4,1.3,10.4,13.5
1629651,127,Nic Claxton,1610612751,BKN,58,27.2,4.5,8.2,0.549,0.0,0.3,0.063,1.2,2.3,0.53,2.2,5.2,7.4,2.3,0.9,1.5,1.2,10.2,16.4
1629614,128,Andrew Nembhard,1610612754,IND,49,28.9,3.8,8.2,0.466,0.8,2.6,0.305,1.8,2.2,0.798,0.5,2.6,3.2,5.1,1.3,0.2,1.8,10.2,13.4
1629599,129,Amir Coffey,1610612746,LAC,65,25.6,3.5,7.4,0.477,1.5,3.6,0.416,1.7,1.8,0.908,0.4,1.9,2.3,1.1,0.6,0.1,0.6,10.2,9.6
1641764,130,Brandin Podziemski,1610612744,GSW,50,25.4,3.8,8.9,0.427,1.4,4.3,0.319,1.1,1.5,0.757,1.0,3.8,4.9,3.4,1.1,0.2,1.1,10.1,13.1
1628449,131,Chris Boucher,1610612761,TOR,50,17.2,3.6,7.4,0.492,1.4,3.9,0.363,1.4,1.7,0.782,1.4,3.1,4.5,0.7,0.5,0.5,0.6,10.0,11.4
1641729,132,Brice Sensabaugh,1610612762,UTA,56,18.7,3.6,8.0,0.453,1.9,4.8,0.398,0.8,0.9,0.92,0.6,2.1,2.6,1.4,0.6,0.1,1.4,10.0,8.8
1630534,133,Ochai Agbaji,1610612761,TOR,54,27.0,4.0,7.9,0.505,1.5,3.8,0.399,0.5,0.8,0.667,0.9,2.8,3.7,1.5,0.8,0.5,0.8,10.0,11.6
1630167,134,Obi Toppin,1610612754,IND,62,19.0,3.8,7.1,0.533,1.1,3.4,0.335,1.2,1.5,0.802,0.7,3.3,4.0,1.5,0.6,0.3,0.8,9.9,12.0
1630533,135,Ziaire Williams,1610612751,BKN,52,24.4,3.4,8.3,0.408,1.5,4.6,0.331,1.7,2.0,0.829,1.1,3.7,4.8,1.4,1.0,0.4,1.0,9.9,11.3
1629652,136,Luguentz Dort,1610612760,OKC,61,29.2,3.5,8.4,0.424,2.3,5.8,0.398,0.5,0.7,0.75,1.4,2.8,4.1,1.6,1.1,0.6,0.7,9.9,11.7
1630541,137,Moses Moody,1610612744,GSW,58,21.2,3.3,7.4,0.447,1.7,4.5,0.39,1.5,1.9,0.782,0.7,1.8,2.5,1.2,0.6,0.4,0.7,9.9,9.4
1630553,138,Keon Johnson,1610612751,BKN,64,23.8,3.5,9.5,0.373,1.4,4.9,0.293,1.3,1.7,0.774,0.8,2.8,3.7,2.0,1.0,0.4,1.3,9.8,9.3
1630175,139,Cole Anthony,1610612753,ORL,60,18.8,3.6,8.5,0.424,1.1,3.3,0.349,1.4,1.7,0.817,0.7,2.4,3.1,2.9,0.7,0.5,1.6,9.7,10.1
1627777,140,Georges Niang,1610612737,ATL,65,21.7,3.5,7.6,0.464,2.0,4.9,0.398,0.6,0.7,0.792,0.7,3.2,3.8,1.5,0.4,0.2,0.9,9.6,10.2
1642261,141,Dalton Knecht,1610612747,LAL,62,20.7,3.5,7.5,0.468,1.7,4.6,0.366,0.8,1.1,0.754,0.5,2.5,3.0,0.9,0.4,0.1,0.5,9.6,9.1
1630577,142,Julian Champagnie,1610612759,SAS,65,23.1,3.3,7.9,0.417,2.1,5.7,0.36,0.9,1.0,0.908,0.8,3.0,3.8,1.3,0.8,0.4,0.9,9.6,10.2
1628379,143,Luke Kennard,1610612763,MEM,52,22.4,3.3,6.9,0.482,2.0,4.3,0.455,0.9,1.0,0.885,0.6,2.2,2.8,3.3,0.7,0.1,1.1,9.5,11.7
204456,144,T.J. McConnell,1610612754,IND,62,17.9,4.2,8.0,0.527,0.2,0.7,0.31,0.8,1.0,0.746,0.5,1.8,2.4,4.4,1.1,0.3,1.5,9.5,12.1
1629645,145,Kevin Porter Jr.,1610612749,MIL,59,18.8,3.7,8.5,0.44,0.6,2.2,0.285,1.3,1.9,0.712,0.5,2.8,3.4,3.2,1.0,0.2,1.9,9.4,10.1
1631124,146,Julian Strawther,1610612743,DEN,61,22.1,3.4,7.7,0.434,1.5,4.3,0.357,1.1,1.3,0.829,0.3,1.9,2.2,1.3,0.6,0.2,0.9,9.4,8.2
1626220,147,Royce O'Neale,1610612756,PHX,61,25.4,3.3,7.6,0.433,2.4,5.8,0.419,0.3,0.4,0.731,0.8,4.0,4.8,2.2,1.0,0.5,0.9,9.4,12.5
1630198,148,Isaiah Joe,1610612760,OKC,59,20.6,3.2,7.6,0.427,2.4,5.9,0.396,0.5,0.7,0.775,0.5,2.0,2.5,1.5,0.7,0.2,0.5,9.4,9.2
1631108,149,Max Christie,1610612742,DAL,64,27.2,3.2,7.4,0.424,1.5,4.0,0.368,1.5,1.8,0.853,0.5,2.6,3.1,1.9,0.8,0.4,1.0,9.3,10.0
1629638,150,Nickeil Alexander-Walker,1610612750,MIN,68,25.2,3.3,7.5,0.443,1.8,4.5,0.399,0.9,1.2,0.759,0.6,2.5,3.1,2.5,0.6,0.4,1.2,9.3,10.2
1642267,151,Bub Carrington,1610612764,WAS,65,29.3,3.4,8.5,0.403,1.6,4.7,0.344,0.8,1.0,0.841,0.4,3.5,4.0,4.0,0.7,0.2,1.6,9.3,11.4
1630540,152,Miles McBride,1610612752,NYK,55,24.3,3.3,8.1,0.411,1.7,4.7,0.371,0.9,1.1,0.817,0.7,1.7,2.5,2.7,1.0,0.3,0.7,9.2,10.1
203110,153,Draymond Green,1610612744,GSW,52,28.8,3.2,7.4,0.432,1.2,3.4,0.341,1.6,2.4,0.68,1.1,5.0,6.1,5.8,1.4,1.0,2.5,9.2,16.1
1641733,154,Nick Smith Jr.,1610612766,CHA,47,22.0,3.5,9.0,0.392,1.6,4.9,0.322,0.5,0.6,0.923,0.2,1.8,2.0,2.1,0.3,0.1,1.3,9.1,6.9
1641744,155,Zach Edey,1610612763,MEM,52,20.7,3.8,6.6,0.576,0.3,0.8,0.364,1.3,1.8,0.699,3.5,4.3,7.8,0.9,0.6,1.2,1.3,9.1,14.9
1630590,156,Scotty Pippen Jr.,1610612763,MEM,66,20.3,3.3,7.1,0.471,1.0,2.7,0.364,1.5,2.1,0.706,0.8,2.4,3.2,4.2,1.3,0.4,1.7,9.1,12.1
1630592,157,Jalen Wilson,1610612751,BKN,65,25.9,3.0,7.6,0.396,1.4,4.3,0.317,1.7,2.0,0.833,1.0,2.3,3.3,1.8,0.5,0.0,1.1,9.1,8.7
1630172,158,Patrick Williams,1610612741,CHI,47,25.9,3.2,8.5,0.377,1.6,4.4,0.349,1.1,1.4,0.746,0.7,3.2,4.0,2.0,0.7,0.6,1.3,9.0,9.3
203991,159,Clint Capela,1610612737,ATL,55,21.4,4.0,7.1,0.559,0.0,0.0,0.0,0.9,1.8,0.536,3.2,5.4,8.5,1.1,0.6,1.0,0.9,8.9,15.3
1641710,160,Anthony Black,1610612753,ORL,64,23.8,3.1,7.5,0.41,0.7,2.3,0.302,2.0,2.7,0.749,0.6,2.1,2.7,3.1,1.0,0.5,1.7,8.9,9.4
1628976,161,Wendell Carter Jr.,1610612753,ORL,55,25.8,3.2,7.0,0.455,0.5,2.2,0.207,2.0,2.7,0.738,2.1,5.2,7.3,2.2,0.7,0.5,1.1,8.8,13.9
101108,162,Chris Paul,1610612759,SAS,65,28.3,2.9,7.0,0.418,1.7,4.6,0.377,1.2,1.3,0.939,0.4,3.2,3.6,7.8,1.3,0.2,1.5,8.8,16.1
1642274,163,Yves Missi,1610612740,NOP,63,27.0,3.6,6.6,0.543,0.0,0.0,0.0,1.6,2.6,0.636,3.5,4.5,8.0,1.3,0.6,1.3,1.2,8.8,14.9
1628989,164,Kevin Huerter,1610612741,CHI,55,22.2,3.2,8.1,0.4,1.7,5.4,0.315,0.6,0.8,0.721,0.5,2.4,2.9,1.8,0.9,0.3,0.9,8.7,8.7
1631170,165,Jaime Jaquez Jr.,1610612748,MIA,54,21.5,3.2,7.1,0.448,0.6,1.9,0.31,1.8,2.4,0.756,1.2,3.3,4.4,2.5,1.0,0.2,1.5,8.7,10.8
203484,166,Kentavious Caldwell-Pope,1610612753,ORL,64,30.2,3.1,7.3,0.426,1.3,4.3,0.314,1.1,1.3,0.866,0.4,1.7,2.1,1.7,1.3,0.5,0.8,8.6,9.1
201143,167,Al Horford,1610612738,BOS,52,27.4,3.1,7.3,0.419,1.8,5.0,0.363,0.5,0.6,0.9,1.2,4.7,5.9,2.0,0.6,0.9,0.8,8.5,12.9
1631213,167,Tyrese Martin,1610612751,BKN,48,21.1,3.1,7.6,0.407,1.6,4.6,0.355,0.7,0.9,0.773,1.0,2.6,3.6,1.7,0.5,0.2,1.2,8.5,8.6
1642271,169,Kyle Filipowski,1610612762,UTA,57,19.6,3.1,6.1,0.514,1.0,2.5,0.39,1.2,1.9,0.64,1.4,4.1,5.5,2.0,0.6,0.2,1.3,8.5,11.8
1642273,170,Kyshawn George,1610612764,WAS,59,27.1,2.9,7.9,0.362,1.7,5.3,0.319,1.0,1.3,0.769,0.7,3.4,4.2,2.4,1.0,0.8,1.5,8.5,10.0
1642276,171,Kel'el Ware,1610612748,MIA,48,20.4,3.5,6.6,0.54,0.6,1.8,0.321,0.8,1.0,0.72,1.6,4.9,6.5,0.9,0.6,1.1,0.9,8.4,13.3
1629634,172,Brandon Clarke,1610612763,MEM,61,19.1,3.7,6.0,0.615,0.0,0.3,0.059,1.0,1.4,0.69,2.0,3.2,5.2,1.0,0.8,0.6,0.6,8.3,12.6
201144,173,Mike Conley,1610612750,MIN,58,24.7,2.6,6.7,0.393,1.8,4.5,0.408,1.2,1.3,0.92,0.5,2.1,2.6,4.5,1.2,0.2,1.1,8.3,11.5
1630188,174,Jalen Smith,1610612741,CHI,56,15.3,3.0,6.4,0.466,1.2,3.6,0.34,1.2,1.4,0.823,1.4,4.2,5.6,1.0,0.3,0.7,0.6,8.3,11.6
1631165,175,Keon Ellis,1610612758,SAC,64,23.1,2.8,5.8,0.484,1.7,3.9,0.429,0.9,1.1,0.855,0.8,1.8,2.5,1.3,1.4,0.8,0.8,8.2,10.3
1627827,176,Dorian Finney-Smith,1610612747,LAL,48,28.2,3.0,6.8,0.438,1.8,4.7,0.388,0.5,0.7,0.667,1.4,2.6,4.0,1.3,0.9,0.3,0.9,8.2,9.7
1627752,177,Taurean Prince,1610612749,MIL,64,26.6,2.9,6.5,0.448,1.9,4.2,0.446,0.4,0.5,0.839,0.5,3.3,3.8,2.0,0.8,0.1,1.0,8.1,10.2
1630625,178,Dalano Banton,1610612757,POR,52,15.1,2.8,6.8,0.415,1.1,3.0,0.361,1.3,1.8,0.71,0.4,1.5,1.9,2.1,0.6,0.4,1.2,8.0,7.3
1630548,179,Johnny Juzang,1610612762,UTA,49,18.3,2.8,6.6,0.422,1.7,4.6,0.368,0.8,0.9,0.822,0.6,2.2,2.9,0.9,0.5,0.1,0.5,8.0,7.9
1641717,180,Cason Wallace,1610612760,OKC,57,27.4,3.2,7.0,0.46,1.1,3.1,0.343,0.4,0.5,0.833,1.0,2.4,3.4,2.5,1.7,0.5,0.8,7.9,11.5
1631212,181,Peyton Watson,1610612743,DEN,54,23.4,2.8,6.0,0.468,0.7,2.0,0.361,1.4,2.0,0.729,0.7,2.5,3.2,1.4,0.8,1.2,0.9,7.8,9.9
1642268,182,Isaiah Collier,1610612762,UTA,59,25.0,3.0,7.3,0.414,0.5,2.2,0.237,1.2,1.9,0.655,0.4,2.8,3.2,6.2,0.9,0.2,2.9,7.7,10.3
1630573,183,Sam Hauser,1610612738,BOS,57,20.6,2.7,6.2,0.439,2.1,5.3,0.401,0.1,0.1,1.0,0.7,2.4,3.1,0.9,0.6,0.2,0.4,7.7,8.6
1630551,184,Justin Champagnie,1610612764,WAS,46,18.9,2.9,5.8,0.496,1.1,2.8,0.38,0.8,1.1,0.725,1.6,3.2,4.8,0.9,0.9,0.7,0.8,7.7,10.9
1629048,185,Goga Bitadze,1610612753,ORL,57,21.6,3.2,5.1,0.624,0.1,0.4,0.13,1.2,1.9,0.633,2.4,4.6,7.0,2.0,0.7,1.5,1.1,7.6,15.1
1631260,186,AJ Green,1610612749,MIL,58,22.8,2.5,5.9,0.427,2.1,5.1,0.42,0.3,0.4,0.905,0.2,2.0,2.3,1.4,0.6,0.1,0.5,7.5,7.9
1641783,187,Tristan da Silva,1610612753,ORL,64,23.0,2.8,6.7,0.419,1.1,3.4,0.336,0.8,0.9,0.864,1.0,2.4,3.4,1.5,0.5,0.3,0.8,7.5,8.4
1630182,188,Josh Green,1610612766,CHA,60,28.6,2.6,6.2,0.426,1.5,3.7,0.395,0.7,1.0,0.661,0.9,1.8,2.7,1.6,1.2,0.2,1.0,7.4,8.2
1630241,189,Sam Merrill,1610612739,CLE,57,19.4,2.4,5.9,0.409,1.9,5.1,0.377,0.5,0.5,0.966,0.5,1.6,2.1,1.4,0.7,0.2,0.5,7.3,7.6
1641824,190,Matas Buzelis,1610612741,CHI,64,16.9,2.7,6.2,0.433,0.9,2.9,0.321,0.9,1.1,0.845,0.7,2.4,3.1,0.8,0.3,0.8,0.8,7.2,7.8
1631218,191,Trayce Jackson-Davis,1610612744,GSW,53,17.3,3.0,5.3,0.573,0.0,0.0,0.0,1.0,1.7,0.591,2.1,3.4,5.5,1.9,0.4,0.7,0.8,7.1,11.8
1630558,192,Davion Mitchell,1610612748,MIA,59,26.2,2.7,5.9,0.457,1.1,2.8,0.393,0.6,0.9,0.636,0.4,1.7,2.1,4.6,0.8,0.2,1.7,7.0,9.5
1629611,193,Terance Mann,1610612737,ATL,52,20.7,2.8,5.7,0.481,0.9,2.3,0.372,0.7,1.0,0.642,1.0,2.0,2.9,1.9,0.7,0.3,0.7,7.0,8.7
1630643,194,Jay Huff,1610612763,MEM,53,11.9,2.5,4.8,0.514,1.3,3.2,0.415,0.7,0.9,0.771,0.5,1.6,2.1,0.6,0.2,0.9,0.5,7.0,7.7
1626166,195,Cameron Payne,1610612752,NYK,59,14.3,2.5,5.9,0.413,1.3,3.5,0.367,0.7,0.8,0.891,0.2,1.2,1.4,2.6,0.6,0.2,0.7,6.9,7.5
1628418,196,Thomas Bryant,1610612754,IND,49,15.0,2.7,5.1,0.524,0.8,2.2,0.352,0.8,0.9,0.826,1.4,2.7,4.1,1.0,0.4,0.6,0.5,6.9,10.0
1631222,197,Jake LaRavia,1610612758,SAC,61,20.3,2.4,5.0,0.469,0.9,2.1,0.417,1.2,1.7,0.67,1.4,2.6,4.0,2.5,0.9,0.4,1.3,6.8,10.0
1641741,198,Ricky Council IV,1610612755,PHI,57,15.1,2.2,5.6,0.397,0.7,2.6,0.281,1.4,1.6,0.828,0.6,1.6,2.2,1.2,0.5,0.2,0.5,6.5,6.4
1628380,199,Zach Collins,1610612741,CHI,48,15.1,2.3,4.7,0.5,0.5,1.7,0.317,1.3,1.4,0.882,1.5,2.8,4.3,1.7,0.5,0.5,0.8,6.5,10.2
1629312,200,Haywood Highsmith,1610612748,MIA,59,24.0,2.4,5.1,0.47,1.2,3.0,0.392,0.5,0.6,0.75,0.8,2.3,3.1,1.4,0.9,0.6,0.7,6.4,8.8
1627780,201,Gary Payton II,1610612744,GSW,53,14.3,2.7,4.6,0.573,0.5,1.5,0.308,0.5,0.7,0.73,0.9,2.1,2.9,1.3,0.7,0.3,0.6,6.3,8.7
1642347,202,Jamal Shead,1610612761,TOR,61,18.0,2.4,5.8,0.419,0.9,2.5,0.338,0.5,0.7,0.756,0.4,1.0,1.3,3.7,0.6,0.1,1.5,6.2,6.9
1641842,203,Ronald Holland II,1610612765,DET,67,15.5,2.3,5.1,0.45,0.4,2.0,0.221,1.1,1.4,0.793,0.5,2.1,2.6,0.9,0.6,0.1,0.8,6.1,6.4
1626168,204,Trey Lyles,1610612758,SAC,54,18.2,2.1,5.2,0.408,1.2,3.4,0.344,0.7,1.0,0.685,1.1,3.4,4.4,1.1,0.6,0.4,0.6,6.1,8.6
1627739,205,Kris Dunn,1610612746,LAC,60,24.1,2.5,5.9,0.428,0.9,2.9,0.303,0.2,0.3,0.563,0.8,2.7,3.5,3.1,1.8,0.4,1.0,6.1,10.3
1631323,205,Simone Fontecchio,1610612765,DET,60,17.0,2.0,5.1,0.391,1.0,3.1,0.324,1.1,1.3,0.818,0.7,2.3,3.0,0.9,0.4,0.2,0.8,6.1,6.5
1642270,207,Donovan Clingan,1610612757,POR,53,17.8,2.5,4.5,0.55,0.2,0.6,0.267,0.8,1.4,0.616,2.8,4.3,7.2,1.0,0.5,1.6,1.2,6.0,12.5
1629216,208,Gabe Vincent,1610612747,LAL,56,21.0,2.2,5.6,0.394,1.3,4.0,0.333,0.2,0.3,0.688,0.2,0.9,1.2,1.5,0.7,0.2,0.6,5.9,5.4
203552,209,Seth Curry,1610612766,CHA,55,14.6,2.2,4.7,0.465,1.2,2.6,0.448,0.4,0.5,0.8,0.4,1.2,1.7,0.7,0.4,0.1,0.4,5.9,5.8
1642346,210,Ryan Dunn,1610612756,PHX,59,17.2,2.4,5.6,0.427,0.9,3.0,0.299,0.2,0.5,0.483,0.9,2.2,3.1,0.8,0.4,0.5,0.4,5.9,6.9
1641767,211,Ben Sheppard,1610612754,IND,51,20.1,2.1,4.9,0.436,1.2,3.3,0.359,0.4,0.5,0.913,0.7,2.0,2.7,1.3,0.6,0.2,0.3,5.9,7.6
1629003,212,Shake Milton,1610612747,LAL,49,15.2,2.1,4.6,0.471,0.8,2.0,0.374,0.8,1.0,0.804,0.5,1.4,1.9,1.9,0.4,0.1,0.7,5.9,6.9
1630191,213,Isaiah Stewart,1610612765,DET,61,19.8,2.3,4.3,0.54,0.2,0.7,0.279,1.0,1.3,0.756,1.9,3.7,5.6,1.7,0.3,1.4,1.0,5.8,11.5
1629750,214,Javonte Green,1610612739,CLE,55,20.7,2.0,4.5,0.451,0.8,2.2,0.361,1.0,1.3,0.746,0.9,2.5,3.5,0.9,1.0,0.5,0.5,5.8,8.4
1631204,215,Marcus Sasser,1610612765,DET,48,13.3,2.1,4.6,0.464,0.9,2.4,0.368,0.5,0.6,0.839,0.3,0.8,1.1,2.2,0.6,0.1,0.9,5.7,6.3
1630526,216,Jeremiah Robinson-Earl,1610612740,NOP,51,17.4,2.2,4.8,0.453,0.8,2.3,0.339,0.6,0.8,0.825,1.5,2.8,4.4,1.1,0.6,0.1,0.6,5.7,8.6
1628371,217,Jonathan Isaac,1610612753,ORL,59,16.0,2.0,4.8,0.414,0.6,2.4,0.271,1.0,1.5,0.67,1.7,2.9,4.6,0.5,0.8,1.1,0.4,5.7,9.0
1629026,218,Kenrich Williams,1610612760,OKC,53,14.7,2.2,4.5,0.483,0.9,2.3,0.385,0.4,0.5,0.808,0.9,2.3,3.2,1.2,0.6,0.1,0.5,5.7,7.8
1629659,219,Talen Horton-Tucker,1610612741,CHI,48,11.3,2.0,4.6,0.447,0.7,2.0,0.368,0.8,1.1,0.691,0.3,1.4,1.7,1.3,0.3,0.2,0.7,5.6,5.6
1641716,220,Jarace Walker,1610612754,IND,59,15.3,2.0,4.4,0.456,0.8,2.2,0.364,0.7,1.0,0.639,0.4,2.5,2.9,1.4,0.8,0.4,1.0,5.5,7.1
1628988,221,Aaron Holiday,1610612745,HOU,50,12.8,1.8,4.3,0.43,1.1,2.8,0.384,0.6,0.7,0.833,0.2,1.1,1.3,1.3,0.3,0.1,0.6,5.3,5.3
1642367,222,Jonathan Mogbo,1610612761,TOR,49,17.9,2.1,4.6,0.451,0.3,1.0,0.298,0.9,1.3,0.703,1.6,2.6,4.1,1.6,0.8,0.5,0.9,5.3,8.6
1631217,223,Moussa Diabaté,1610612766,CHA,57,18.1,2.2,3.7,0.587,0.0,0.0,0.0,0.9,1.5,0.575,2.9,3.6,6.5,0.9,0.7,0.6,0.9,5.3,10.9
1642275,224,Tidjane Salaun,1610612766,CHA,48,19.1,1.7,5.3,0.319,0.9,3.2,0.289,1.0,1.3,0.719,1.2,3.0,4.2,1.1,0.5,0.3,0.9,5.3,6.4
1628436,225,Luke Kornet,1610612738,BOS,59,17.9,2.2,3.2,0.665,0.0,0.0,0.0,0.9,1.3,0.714,2.4,2.6,5.0,1.6,0.5,1.0,0.4,5.2,11.4
1629234,226,Drew Eubanks,1610612746,LAC,49,13.7,2.1,3.6,0.592,0.1,0.1,0.5,0.8,1.3,0.651,1.0,2.9,4.0,1.0,0.2,0.7,0.7,5.1,8.4
1629674,227,Neemias Queta,1610612738,BOS,51,14.5,2.2,3.4,0.638,0.0,0.1,0.0,0.7,1.0,0.74,1.5,2.5,4.0,0.7,0.3,0.7,0.7,5.1,8.5
203937,228,Kyle Anderson,1610612748,MIA,48,14.6,1.9,4.4,0.443,0.4,1.2,0.368,0.6,0.9,0.689,0.9,2.3,3.1,2.2,0.6,0.5,0.5,5.0,8.1
1626172,229,Kevon Looney,1610612744,GSW,60,15.7,2.1,4.1,0.508,0.0,0.1,0.0,0.8,1.4,0.573,2.7,3.9,6.6,1.7,0.7,0.5,0.6,4.9,11.1
1631133,230,Jabari Walker,1610612757,POR,50,11.8,1.8,3.5,0.506,0.5,1.2,0.383,0.7,1.0,0.654,1.0,2.5,3.5,0.6,0.6,0.1,0.5,4.7,6.9
203486,231,Mason Plumlee,1610612756,PHX,66,18.1,1.8,2.9,0.614,0.0,0.0,0.0,1.1,1.7,0.646,1.6,4.7,6.3,1.8,0.5,0.7,0.8,4.6,11.4
1641763,232,Julian Phillips,1610612741,CHI,64,13.9,1.6,3.6,0.443,0.6,1.9,0.328,0.8,1.0,0.761,0.9,1.2,2.1,0.5,0.4,0.3,0.4,4.6,5.3
1641724,233,Jett Howard,1610612753,ORL,55,11.2,1.5,4.2,0.357,0.9,3.0,0.295,0.3,0.4,0.75,0.4,0.8,1.2,0.7,0.2,0.2,0.5,4.1,3.2
1631200,234,Kris Murray,1610612757,POR,55,13.8,1.7,3.7,0.45,0.4,1.5,0.256,0.3,0.8,0.409,1.0,1.2,2.3,0.8,0.5,0.2,0.5,4.0,4.8
1641737,235,Adem Bona,1610612755,PHI,47,12.4,1.5,2.2,0.683,0.0,0.0,0.0,1.0,1.4,0.682,1.3,2.0,3.3,0.3,0.3,0.9,0.7,4.0,6.9
1631207,236,Dalen Terry,1610612741,CHI,59,12.4,1.4,3.2,0.452,0.4,1.2,0.319,0.7,1.0,0.678,0.5,0.9,1.4,1.2,0.5,0.2,0.6,3.9,4.5
201587,237,Nicolas Batum,1610612746,LAC,65,18.1,1.3,3.2,0.41,1.1,2.6,0.407,0.2,0.3,0.833,0.6,2.2,2.8,1.2,0.7,0.5,0.4,3.9,6.7
1641765,238,Olivier-Maxence Prosper,1610612742,DAL,52,11.2,1.3,3.3,0.402,0.2,1.0,0.235,0.9,1.5,0.645,0.8,1.6,2.4,0.8,0.5,0.1,0.3,3.9,4.9
1641748,239,Andre Jackson Jr.,1610612749,MIL,57,15.8,1.5,3.2,0.467,0.5,1.3,0.397,0.2,0.3,0.556,1.0,1.9,2.9,1.3,0.5,0.2,0.9,3.7,6.0
203500,240,Steven Adams,1610612745,HOU,47,12.7,1.4,2.8,0.523,0.0,0.0,0.0,0.7,1.6,0.446,2.7,2.6,5.3,1.2,0.3,0.4,0.9,3.6,7.8
1630579,241,Jericho Sims,1610612749,MIL,51,11.9,0.9,1.4,0.652,0.0,0.0,0.0,0.2,0.3,0.615,1.3,2.4,3.8,0.6,0.2,0.4,0.6,1.9,5.6
>>>>>>> parent of 2a9db67 (push before banned list fix)
